,회사명,부도,key,소속코드,상장폐지일,감사의견코드,정기공시제목,수시공시제목,폐지사유요약합본
91,(주)강원랜드,1,352502003,4,2003-09-04,UQ,0,상장폐지,['증권거래소 상장']
119,(주)경윤하이드로에너지,0,191202011,4,2011-04-06,UQ,0,상장폐지,['기업의 계속성 및 경영의 투명성 등을 종합적으로 고려하여 상장폐지 기준에 해당한다고 결정']
174,(주)골드카운티,0,589002010,4,2010-10-12,UQ,0,상장폐지,"['기업의 계속성, 경영의 투명성 또는 기타 코스닥시장의 건전성 등을 종합적으로 고려하여 상장폐지 기준에 해당한다고 결정']"
352,(주)굿이엠지,0,515302009,4,2009-11-03,UQ,0,상장폐지,['주된 영업의 정지에 의한 상장폐지기준 해당']
356,(주)그로웰텔레콤,1,357802004,4,2005-01-11,UQ,0,상장폐지,['액면가액일정비율미만(취소사유발생일 : 2004년 12월 24일)']
389,(주)극동자동화,1,2724202018,4,2018-11-15,UQ,0,0,['N']
416,(주)글로포스트,1,378302009,4,2010-02-09,UQ,0,0,['N']
445,(주)금오하이텍,1,1652702017,4,2017-06-07,UQ,0,0,['N']
572,(주)나노트로닉스,0,106702013,4,2014-04-11,UQ,파산신청,0,['N']
581,(주)나노하이텍,0,713602009,4,2009-04-29,DU,0,상장폐지,['감사의견거절(감사범위제한)']
591,(주)나리지*온,1,368502010,4,2010-07-14,UQ,회생절차 종결신청,상장폐지(피흡수합병),['피흡수합병']
651,(주)나이코,1,1922402016,4,2016-12-23,UQ,0,0,['N']
660,(주)남성알미늄,1,332202005,4,2005-04-14,UQ,0,상장폐지,['주식분산기준 미달 2년 연속']
677,(주)네오리소스,0,585502009,4,2009-09-15,UQ,0,[정정]상장폐지,"['\r\n', '2009-07-23', '기업의 계속성, 경영의 투명성 또는 기타 코스닥시장의 건전성 등을 종합적으로 고려하여 상장폐지가 필요하다고 인정', '기업의 계속성, 경영의 투명성 또는 기타 코스닥시장의 건전성 등을 종합적으로 고려하여 상장폐지가 필요하다고 인정']"
798,(주)네오퍼플,0,280902013,4,2013-05-03,DS,0,상장폐지,['감사의견거절(감사범위 제한 및 계속기업으로서의 존속능력에 대한 불확실성)']
845,(주)네이쳐글로벌,0,880202010,4,2011-01-08,UQ,0,상장폐지,"['기업의 계속성, 경영의 투명성 또는 기타 코스닥시장의 건전성 등을 종합적으로 고려하여 상장폐지 기준에 해당한다고 결정']"
871,(주)네프로아이티,1,9500302012,4,2011-11-05,UQ,0,0,['N']
885,(주)넥스지,0,819702018,4,2018-10-11,DS,0,상장폐지,['감사의견거절(감사범위제한)']
908,(주)넥스텔,1,372202004,4,2005-04-09,UQ,0,0,['N']
980,(주)넷웨이브,0,477302012,4,2012-11-17,UQ,0,상장폐지,['기업의 계속성 및 경영의 투명성 등을 종합적으로 고려하여 상장폐지 기준에 해당한다고 결정']
984,(주)넷컴스토리지,0,370102004,4,2004-04-08,DU,0,상장폐지,['감사의견거절(취소사유발생일 : 2004년 3월 23일)   ']
1163,(주)뉴씨앤씨,0,452402003,4,2003-04-04,UQ,0,상장폐지,['감사의견거절(취소사유발생일:2003년 3월 20일)']
1193,(주)뉴젠비아이티,0,546502009,4,2009-09-04,UQ,0,상장폐지,['반기보고서 법정제출기한 익일부터 10일이내 반기검토(감사)보고서 미제출']
1204,(주)뉴젠아이씨티,0,541502011,4,2011-04-29,DS,0,상장폐지,['감사의견거절(감사범위제한)']
1213,(주)뉴켐진스템셀,0,362802009,4,2009-04-24,UQ,0,상장폐지,"['기업의 계속성, 경영의 투명성 또는 기타 코스닥시장의 건전성 등을 종합적으로 고려하여 상장폐지가 필요하다고 인정']"
1301,(주)다린,1,2046902017,4,2017-08-02,UQ,0,0,['N']
1324,(주)다산씨앤드아이,0,372002003,4,2003-06-19,UQ,0,상장폐지,['최종부도 및 은행거래정지']
1371,(주)다휘,0,552502010,4,2010-10-01,UQ,0,상장폐지,"['기업의 계속성, 경영의 투명성 또는 기타 코스닥시장의 건전성 등을 종합적으로 고려하여 상장폐지 기준에 해당한다고 결정']"
1378,(주)단성일렉트론,0,859902010,4,2010-05-08,DS,회생절차개시신청,상장폐지,['감사의견거절(감사범위제한)']
1382,(주)대경테크노스,1,376402004,4,2005-01-24,UQ,0,0,['N']
1394,(주)대국,0,423402012,4,2012-04-13,DU,0,상장폐지,['최근3사업연도중2사업연도자기자본 50%초과법인세비용차감전손실발생']
1482,(주)대백쇼핑,1,277002004,4,2004-06-18,UQ,0,상장폐지,['액면가액일정비율(30%)미달로 인한 관리종목지정후']
1554,(주)대양글로벌,1,401802011,4,2011-10-25,DS,0,[정정]상장폐지(정리매매 재개),"['2011-04-20', '2011-04-18', '감사의견거절(감사범위 제한)']"
1578,(주)대원모방,1,3118402019,4,2020-02-27,UQ,0,0,['N']
1662,(주)대한바이오링크,0,415002006,4,2006-04-25,QG,0,상장폐지,['2사업연도 연속 매출액 30억원 미달(상장폐지사유일 : 2006년 04월 10일)']
1701,(주)더블유게임즈,1,1920802018,4,2019-03-12,UQ,0,0,['N']
1748,(주)더존디지털웨어,1,453802009,4,2009-12-09,UQ,0,상장폐지(피흡수합병),['피흡수합병']
1758,(주)더체인지,1,541202011,4,2011-12-15,UQ,0,상장폐지(피흡수합병),['피흡수합병']
1806,(주)데코,1,136502010,4,2010-10-19,UQ,0,상장폐지(피흡수합병),['피흡수합병']
1825,(주)데코앤이,0,176802019,4,2019-11-20,DS,0,상장폐지,['발행한 어음 또는 수표가 주거래은행에 의하여 최종부도로 결정되거나 거래은행에 의한 거래정지']
1845,(주)도움,0,786102009,4,2009-04-11,DU,0,상장폐지,['자본전액잠식']
1908,(주)동방라이텍,0,256902005,4,2005-03-12,DU,0,상장폐지,['감사의견거절(상장폐지사유 발생일 : 2005년 02월 24일)']
1940,(주)동서,1,269602016,4,2016-07-15,UQ,0,상장폐지(유가증권시장 상장),['유가증권시장 상장']
1944,(주)동서정보기술,0,550002004,4,2004-04-03,DS,0,상장폐지,['감사의견거절(취소사유발생일 : 2004년 3월 19일)']
1959,(주)동성하이켐,1,134502015,4,2015-07-20,UQ,0,상장폐지(피흡수합병),['피흡수합병']
2125,(주)두림티앤씨,0,333302008,4,2008-05-03,DS,0,상장폐지,['감사의견거절(감사범위제한)']
2208,(주)드림티엔터테인먼트,0,2201102019,4,2020-04-10,DS,0,0,['N']
2235,(주)디보스,1,801402009,4,2010-02-02,UQ,회생절차 폐지결정,[정정]상장폐지,"['2009-10-21', '2009-10-01', '2009-09-23', '자본잠식률 50%이상사유로 관리종목지정후 반기 감사의견 부적정', '2009-10-21', '2009-10-01', '2009-09-23', '자본잠식률 50%이상사유로 관리종목지정후 반기 감사의견 부적정', '2009-10-21', '2009-10-01', '2009-09-23', '자본잠식률 50%이상사유로 관리종목지정후 반기 감사의견 부적정', '2009-10-21', '2009-10-01', '2009-09-23', '자본잠식률 50%이상사유로 관리종목지정후 반기 감사의견 부적정', '2009-10-21', '2009-10-01', '2009-09-23', '자본잠식률 50%이상사유로 관리종목지정후 반기 감사의견 부적정']"
2264,(주)디씨씨,0,347502008,4,2008-07-12,UQ,0,상장폐지,['2분기 연속 거래실적부진사유 미해소']
2279,(주)디아이디,0,741302015,4,2015-07-23,UQ,회생절차개시신청,상장폐지,"['기업의 계속성, 경영의 투명성 또는 그 밖에 코스닥시장의 건전성 등을 종합적으로 고려하여 상장폐지 기준에 해당한다고 결정', '기업의 계속성, 경영의 투명성 또는 그 밖에 코스닥시장의 건전성 등을 종합적으로 고려하여 상장폐지 기준에 해당한다고 결정', '기업의 계속성, 경영의 투명성 또는 그 밖에 코스닥시장의 건전성 등을 종합적으로 고려하여 상장폐지 기준에 해당한다고 결정', '기업의 계속성, 경영의 투명성 또는 그 밖에 코스닥시장의 건전성 등을 종합적으로 고려하여 상장폐지 기준에 해당한다고 결정', '기업의 계속성, 경영의 투명성 또는 그 밖에 코스닥시장의 건전성 등을 종합적으로 고려하여 상장폐지 기준에 해당한다고 결정']"
2299,(주)디앤샵,1,900902011,4,2011-12-15,UQ,0,상장폐지(피흡수합병),['피흡수합병']
2318,(주)디에스,0,517102013,4,2013-05-01,DU,0,상장폐지,['감사의견거절(감사범위 제한 및 계속기업으로서의 존속능력에 대한 불확실성)']
2342,(주)디에스피이엔티,0,160402008,4,2009-04-11,UQ,회생절차개시신청,0,['N']
2354,(주)디에이치패션,0,452602012,4,2012-08-01,UQ,0,상장폐지,"['기업의 계속성, 경영의 투명성 또는 기타 코스닥시장의 건전성 등을 종합적으로 고려하여 상장폐지가 필요하다고 인정']"
2582,(주)디지텍시스템스,0,916902014,4,2015-01-21,DU,[정정]회생절차개시결정,0,"['N', 'N', 'N', 'N', 'N', 'N']"
2584,(주)디지텔,0,377402002,4,2002-07-05,UQ,0,상장폐지승인,['최종부도 및 은행거래정지']
2647,(주)디패션,0,304202011,4,2011-05-07,AG,0,상장폐지,['감사의견 부적정']
2652,(주)디피앤케이,1,1897002017,4,2017-08-31,UQ,0,0,['N']
2831,(주)레이더스컴퍼니,0,474202006,4,2006-07-13,UQ,0,상장폐지,['감사의견 범위제한 의견거절']
2863,(주)렉스엘이앤지,0,47902014,4,2014-03-04,DU,0,상장폐지,"['기업의 계속성, 경영의 투명성 또는 기타 코스닥시장의 건전성 등을 종합적으로 고려하여 상장폐지가 필요하다고 인정']"
2962,(주)룩손에너지홀딩스,0,335502013,4,2013-05-07,DU,0,상장폐지,"['감사의견거절(감사범위 제한 및 계속기업으로서의 존속능력에 대한 불확실성)', '코스닥시장 상장규정 제44조의2 및 제47조']"
3029,(주)리더컴,0,561402004,4,2004-03-30,DU,0,상장폐지((주)리더컴),['감사의견거절(취소사유발생일 : 2004년 3월 15일)']
3121,(주)마니커,1,277402002,4,2002-10-29,UQ,0,상장폐지,['한국증권거래소 상장']
3151,(주)마이스코,0,887002013,4,2013-05-04,DU,회생절차개시결정,상장폐지,"['감사의견거절(계속기업으로서의 존속능력에 대한 불확실성)', '코스닥시장 상장규정 제44조의2 및 제47조', '감사의견거절(계속기업으로서의 존속능력에 대한 불확실성)', '코스닥시장 상장규정 제44조의2 및 제47조', '감사의견거절(계속기업으로서의 존속능력에 대한 불확실성)', '코스닥시장 상장규정 제44조의2 및 제47조']"
3187,(주)마인에스에이,1,395002002,4,2002-03-15,UQ,0,상장폐지,['피흡수합병']
3256,(주)맥스브로,0,888102011,4,2011-04-29,DU,0,상장폐지,['감사의견거절(감사범위 제한 및 계속기업으로서의 존속능력에 대한 불확실성)']
3262,(주)맥시스템,0,368802005,4,2005-03-31,DU,0,상장폐지,['감사의견거절(상장폐지사유 발생일 : 2005년 03월 16일)']
3412,(주)메카포럼,0,358302010,4,2010-07-16,UQ,0,상장폐지,"['기업의 계속성, 경영의 투명성 또는 기타 코스닥시장의 건전성 등을 종합적으로 고려하여 상장폐지 기준에 해당한다고 결정']"
3473,(주)모다,1,1499402020,4,2020-07-10,DU,0,[정정]상장폐지(상장폐지결정 등 효력정지 가처분 결정 취소(대법원)),['2019-08-28']
3496,(주)모닷텔,0,481502004,4,2004-04-29,UQ,0,상장폐지,['최종부도(취소사유발생일 : 2004년 4월 13일) ']
3504,(주)모델라인,0,647202008,4,2008-04-12,UQ,0,상장폐지,"['자본전액잠식,최근3사업연도 연속 ']"
3527,(주)모디아,0,460002004,4,2004-08-11,AG,0,상장폐지,['감사의견부적정(취소사유발생일 : 2004년 3월 27일) ']
3537,(주)모라리소스,1,188902010,4,2010-07-22,UQ,0,[정정]상장폐지,"['2010-05-28', '기업의 계속성, 경영의 투명성 또는 기타 코스닥시장의  건전성 등을 종합적으로 고려하여 상장폐지 기준에 해당한다고 결정']"
3544,(주)모린스,0,1103102014,4,2014-04-11,DU,회생절차개시신청,상장폐지,"['자본전액잠식 등', '자본전액잠식 등']"
3606,(주)모보,0,518102010,4,2010-04-13,UQ,0,상장폐지,['최근 3사업연도 연속 자기자본 50%초과 법인세비용차감전 계속사업손실 등']
3623,(주)모빌탑,0,856802009,4,2009-11-25,UQ,0,상장폐지,"['기업의 계속성, 경영의 투명성 또는 기타 코스닥시장의 건전성 등을 종합적으로 고려하여 상장폐지가 필요하다고 인정']"
3651,(주)모젬,0,795602010,4,2010-04-13,UQ,0,상장폐지,['최근 3사업연도 연속 자기자본 대비 50% 초과 법인세 비용차감전계속사업손실 발생']
3682,(주)무학,1,339202010,4,2010-07-20,UQ,0,상장폐지(유가증권시장 상장),['유가증권시장 상장']
3690,(주)미디어코프,0,538902009,4,2009-04-11,DU,0,상장폐지((주)미디어코프 주권 상장폐지),['자본전액잠식']
3706,(주)미래자원엠엘,1,2331902017,4,2017-12-28,UQ,0,0,['N']
3733,(주)미성포리테크,0,947002011,4,2012-04-13,UQ,회생절차개시결정,신주인수권증권 상장폐지,"['코스닥시장상장규정 제44조의2 및 제47조', '코스닥시장상장규정 제44조의2 및 제47조']"
3847,(주)바이나믹,0,678502010,4,2010-05-19,UQ,0,상장폐지,['당해 코스닥시장상장법인의 계속성 및 경영의 투명성 등을 종합적으로 고려한 결과 상장폐지기준에 해당한다고 결정']
3942,(주)바이오빌,1,659402020,4,2020-07-31,DU,회생절차개시결정,[정정]상장폐지,"['2020-07-20', '2020-05-12', '감사의견 거절(감사범위 제한 및 계속기업 존속능력에 대한 불확실성)', '2020-07-20', '2020-05-12', '감사의견 거절(감사범위 제한 및 계속기업 존속능력에 대한 불확실성)', '2020-07-20', '2020-05-12', '감사의견 거절(감사범위 제한 및 계속기업 존속능력에 대한 불확실성)', '2020-07-20', '2020-05-12', '감사의견 거절(감사범위 제한 및 계속기업 존속능력에 대한 불확실성)']"
3980,(주)바이오시스,0,359602004,4,2004-04-07,DU,0,상장폐지,['감사의견거절(취소사유발생일:2004년 3월 22일)     ']
4072,(주)범양사,1,24802005,4,2005-05-04,UQ,0,상장폐지,['주식분산기준 미달 2년 연속']
4098,(주)베스트플로우,0,604102008,4,2008-09-03,QU,0,상장폐지,['2연속 자본잠식률 50%이상 및 자기자본 10억원 미만']
4104,(주)벨로체피아노,0,407502003,4,2003-04-24,NS,0,상장폐지,"[""감사의견 거절(취소사유발생일: '03.4.9)""]"
4127,(주)보광티에스,0,666902012,4,2012-05-01,DU,파산신청,상장폐지,['감사의견 거절(감사범위 제한 및 계속기업존속불확실성)']
4134,(주)보성인터내셔날,0,333002001,4,2001-05-25,DU,0,상장폐지승인,['자본전액잠식(2년)']
4139,(주)보진재,0,309502005,4,2005-04-30,UQ,0,상장폐지,['경상손실 및 시가총액 50억원 미달 2회 연속(상장폐지사유 발생일 : 2005년 4월 15일)']
4149,(주)보홍,0,413202010,4,2010-05-08,DS,0,상장폐지,['감사의견거절(감사범위제한)']
4248,(주)브이에스에스티,0,354002010,4,2010-10-01,QU,0,상장폐지,['기업의 계속성 및 경영의 투명성 등을 종합적으로 고려하여 상장폐지가 필요하다고 인정']
4286,(주)블루멈,0,338802009,4,2009-09-04,UQ,0,상장폐지,['상장폐지사유 발생']
4316,(주)블루스톤디앤아이,0,337202009,4,2009-05-15,DU,0,상장폐지,['감사의견거절(계속기업으로서의 존속능력에 대한 불확실성)']
4327,(주)블루젬디앤씨,0,530402011,4,2012-05-17,UQ,파산신청,0,['N']
4425,(주)비앤비성원,0,152002012,4,2012-05-01,DS,회생절차개시신청,상장폐지,"['감사의견거절(감사범위제한)', '코스닥시장 상장규정 제44조의2 및 제47조']"
4431,(주)비앤에스미디어,1,1561702017,4,2017-07-13,UQ,0,0,['N']
4459,(주)비엔디,1,479402009,4,2010-01-29,UQ,0,0,['N']
4476,(주)비엔씨컴퍼니,0,583702017,4,2017-05-08,QS,0,[정정]상장폐지,"['감사범위제한으로 인한 한정의견', '감사범위제한으로 인한 한정의견']"
4480,(주)비엔에프코퍼레이션,1,2717802020,4,2020-11-05,UQ,0,0,['N']
4503,(주)비이티,0,368202005,4,2005-04-05,QS,0,상장폐지,['감사범위제한 한정(상장폐지사유 발생일 : 2005년 03월 21일)']
4645,(주)사라콤,0,400202009,4,2009-05-27,QU,0,상장폐지,['자본전액잠식']
4667,(주)사이노젠,0,640602010,4,2010-04-13,DU,0,상장폐지(자본전액잠식),['자본전액잠식']
4675,(주)사이버패스,0,632802009,4,2009-07-08,UQ,0,상장폐지,"['기업의 계속성, 경영의 투명성 또는 기타 코스닥시장의 건전성 등을 종합적으로 고려하여 상장폐지가 필요하다고 인정']"
4716,(주)삼성수산,0,525602009,4,2009-07-01,UQ,0,상장폐지,"['기업의 계속성, 경영의 투명성 또는 기타 코스닥시장의 건전성 등을 종합적으로 고려하여 상장폐지가 필요하다고 인정']"
4746,(주)삼영,1,365302002,4,2002-10-22,UQ,0,상장폐지,['한국증권거래소 상장']
4771,(주)삼우이엠씨,0,262502013,4,2013-04-12,DU,회생절차개시결정,상장폐지,['자본전액잠식']
5040,(주)샤인시스템,0,663002010,4,2010-06-29,UQ,회생절차개시신청,상장폐지,"['기업의 계속성, 경영의 투명성 또는 기타 코스닥시장의 건전성 등을 종합적으로 고려하여 상장폐지 기준에 해당한다고 결정']"
5352,(주)선우중공업,0,687702010,4,2010-06-17,UQ,0,상장폐지,"['기업의 계속성, 경영의 투명성 또는 기타 코스닥시장의 건전성 등을 종합적으로 고려하여 상장폐지 기준에 해당한다고 결정']"
5383,(주)선팩테크,0,540102011,4,2011-10-06,UQ,0,상장폐지,['감사의견거절(감사범위 제한 및 계속기업으로서의 존속능력에 대한 불확실성)']
5435,(주)성우몰드,0,534402010,4,2010-04-21,UQ,0,상장폐지,"[""상장폐지신청('10.3.29)""]"
5461,(주)성진산업,0,376502005,4,2005-04-05,DU,0,상장폐지,['감사의견거절(상장폐지사유 발생일 : 2005년 03월 21일)']
5500,(주)세계투어,0,476002011,4,2011-09-09,UQ,0,[정정]상장폐지,"['N', '기업의 계속성, 경영의 투명성 또는 기타 코스닥시장의 건전성 등을 종합적으로 고려하여 상장폐지 기준에 해당한다고 결정']"
5506,(주)세기리텍,1,1998702017,4,2018-03-28,UQ,0,0,['N']
5512,(주)세니콘,0,560602006,4,2006-04-08,DU,0,상장폐지,['감사범위제한으로 인한 의견거절(상장폐지사유 발생일 : 2006년 03월 27일)']
5541,(주)세라온홀딩스,0,506002008,4,2008-09-09,DS,0,[정정]상장폐지,"['2회연속 자본잠식률 50%이상', '2회연속 자본잠식률 50%이상']"
5573,(주)세븐코스프,0,171602011,4,2011-04-29,DU,화의채무변제완료보고서제출,상장폐지,['감사의견거절(감사범위제한 및 계속기업으로서의 존속능력에 대한 불확실성)']
5581,(주)세실,0,844502011,4,2011-02-10,DU,0,상장폐지,['감사의견거절(범위제한 및 계속기업 존속 불확실성)']
5585,(주)세아메탈,1,330202004,4,2004-12-20,UQ,0,상장폐지,['자진등록취소']
5815,(주)셀트리온,1,682702017,4,2018-02-09,UQ,0,0,['N']
5895,(주)소예,0,350102010,4,2009-11-03,DU,0,0,['N']
5918,(주)소프트윈,0,497902002,4,2002-11-28,UQ,0,상장폐지((주)소프트윈),"['최종부도 및 은행거래정지', '최종부도 및 은행거래정지']"
6000,(주)솔빛미디어,0,444402005,4,2005-04-26,DS,0,상장폐지,['감사의견거절(상장폐지사유 발생일 : 2005년 04월 11일)']
6011,(주)솔트웍스,1,2225202016,4,2016-12-05,UQ,0,0,['N']
6075,(주)슈마일렉트론,0,565002005,4,2005-04-05,DU,0,상장폐지,['감사의견거절(상장폐지사유 발생일 : 2005년 03월 22일)']
6177,(주)스타맥스,1,170502009,4,2010-04-05,UQ,0,0,['N']
6199,(주)스탠더드텔레콤,0,278902003,4,2003-04-05,AG,0,상장폐지,['감사의견부적정(취소사유발생일:2003년 3월 21일)']
6210,(주)스톰이앤에프,0,436802011,4,2011-04-13,DU,0,상장폐지,['자본전액잠식 등']
6233,(주)스틸플라워,0,872202018,4,2018-05-08,DU,내부결산시점 관리종목 지정 또는 상장폐지 사유 발생,상장폐지,['감사의견거절(감사범위 제한 및 계속기업 존속능력에 대한 불확실성)']
6304,(주)승화프리텍,1,1116102015,4,2016-01-25,UQ,0,0,['N']
6329,(주)시냅스엠,0,2468302018,4,2018-05-14,DU,0,0,['N']
6379,(주)시노펙스그린테크,1,373202012,4,2012-03-19,UQ,0,상장폐지(피흡수합병),['피흡수합병']
6387,(주)시스컴,0,372802003,4,2003-03-29,NS,0,상장폐지,['최종부도 및 은행거래정지']
6413,(주)시큐어소프트,0,370602007,4,2007-04-04,DS,0,[정정]상장폐지,"['N', '감사의견거절']"
6439,(주)신세계아이앤씨,1,355102019,4,2006-05-18,0,0,0,['N']
6449,(주)신세계푸드,1,314402010,4,2010-04-29,UQ,0,상장폐지(유가증권시장 상장),['유가증권시장 상장']
6466,(주)신양오라컴디스플레이,0,868302017,4,2017-05-08,DU,[정정]내부결산시점 관리종목 지정 또는 상장폐지 사유 발생,상장폐지,"['감사의견 거절(감사범위 제한 및 계속기업 존속능력에 대한 불확실성)', '감사의견 거절(감사범위 제한 및 계속기업 존속능력에 대한 불확실성)']"
6475,(주)신지소프트,1,787002010,4,2010-02-27,DS,0,상장폐지,['시가총액 40억원 미달']
6497,(주)신한에스아이티,0,545302004,4,2004-04-03,DU,0,상장폐지,['감사의견거절(취소사유발생일 : 2004년 3월 20일)']
6541,(주)실리콘화일,0,829302014,4,2014-05-23,UQ,0,상장폐지,"[""상장폐지신청('14.04.22)""]"
6543,(주)심스밸리,0,424702002,4,2002-11-16,UQ,0,상장폐지,"['최종부도 및 은행거래정지', '최종부도 및 은행거래정지']"
6586,(주)심팩메탈,1,907302018,4,2018-07-17,UQ,0,0,['N']
6620,(주)쌈지,0,332602010,4,2010-04-17,DS,부도발생,상장폐지,['최종부도 발생']
6629,(주)써니트렌드,0,355002009,4,2009-09-04,QG,0,[정정]상장폐지,"['상장폐지사유 발생', '상장폐지사유 발생']"
6633,(주)써미트테크놀로지,0,390002004,4,2004-04-13,DU,0,상장폐지,"[""감사의견거절(취소사유발생일 : '04.3.26)""]"
6650,(주)썬코어,0,511702017,4,2018-03-15,DU,내부결산시점 관리종목 지정 또는 상장폐지 사유 발생,0,['N']
6664,(주)썬테크놀로지스,1,1228002019,4,2020-02-12,UQ,0,[정정]상장폐지,"['2019-12-10', '기업의 계속성 및 경영의 투명성 등을 종합적으로 고려하여 상장폐지기준에 해당한다고 결정']"
6708,(주)쎄라텍,0,415502010,4,2010-08-25,QU,0,상장폐지,"['기업의 계속성, 경영의 투명성 또는 기타 코스닥시장의 건전성 등을 종합적으로 고려하여 상장폐지 기준에 해당한다고 결정']"
6769,(주)쏠라엔텍,0,303902010,4,2010-05-08,DU,0,상장폐지,['감사의견거절(감사범위제한 및 계속기업 존속 불확실)']
6798,(주)쓰리디월드,1,653402009,4,2010-04-15,UQ,0,0,['N']
6802,(주)쓰리소프트,0,363602004,4,2009-04-29,UQ,0,상장폐지,['감사범위제한으로인한 한정']
6819,(주)씨그널엔터테인먼트그룹,0,998302018,4,2018-05-04,DS,0,상장폐지,['감사의견거절(감사범위 제한)']
6826,(주)씨디네트웍스,0,737102009,4,2009-09-23,UQ,0,상장폐지(상장폐지신청(2009.08.31)),['상장폐지신청(2009.08.31)']
6830,(주)씨모스,0,376002004,4,2004-03-24,DU,0,상장폐지,['감사의견거절(취소사유발생일:2004년 3월 9일)']
6837,(주)씨모텍,0,810902011,4,2011-09-23,DS,회생절차개시결정,상장폐지,"['감사의견거절(감사범위 제한 및 계속기업으로서의 존속능력에 대한 불확실성) 등', '감사의견거절(감사범위 제한 및 계속기업으로서의 존속능력에 대한 불확실성) 등']"
6881,(주)씨앤에스자산관리,0,320402018,4,2018-10-11,DU,0,상장폐지,['감사의견거절(범위제한 및 계속기업 존속능력에 대한 불확실성)']
6896,(주)씨앤케이인터내셔널,0,395302015,4,2015-05-19,UQ,내부결산시점 관리종목 지정 또는 상장폐지 사유 발생[정],상장폐지,['기업의 계속성 및 경영의 투명성 등을 종합적으로 고려하여 상장폐지기준에 해당한다고 결정']
6970,(주)씨엘엘씨디,1,357102009,4,2010-05-01,UQ,0,0,['N']
6986,(주)씨엘인터내셔널,0,373402016,4,2016-09-08,UQ,내부결산시점 관리종목 지정 또는 상장폐지 사유 발생,상장폐지,['2반기 연속 자본잠식률 50% 이상']
7044,(주)씨유전자,0,563402014,4,2014-05-21,UQ,부도발생,상장폐지,['최종부도 발생']
7098,(주)씨티네트웍스,0,1895402020,4,2020-05-12,DU,0,0,['N']
7130,(주)씨티앤티,0,504702012,4,2012-05-01,DS,회생절차개시신청,상장폐지,['감사 의견거절(감사범위 제한)']
7140,(주)씨티엘테크,1,889602011,4,2012-02-08,UQ,0,0,['N']
7172,(주)아구스,0,786702010,4,2010-05-01,DU,0,상장폐지,['감사의견거절(감사범위제한 및 계속기업 존속 불확실)']
7220,(주)아라온테크,0,410602014,4,2014-05-08,DU,내부결산시점 관리종목 지정 또는 상장폐지 사유 발생,상장폐지,['감사의견 거절(감사범위 제한 및 계속기업 존속능력에 대한 불확실성)']
7419,(주)아시아미디어홀딩스,0,528102011,4,2011-11-22,UQ,0,상장폐지,"['기업의 계속성, 경영의 투명성 또는 기타 코스닥시장의 건전성 등을 종합적으로 고려하여 상장폐지 기준에 해당한다고 결정']"
7434,(주)아이드림,0,668502009,4,2009-10-07,UQ,0,상장폐지,['자본잠식률 50%이상으로 관리종목 지정 후 반기 재무제표에 대한 감사의견 거절']
7479,(주)아이디에스,0,787802016,4,2016-04-28,DU,내부결산시점 관리종목 지정 또는 상장폐지 사유 발생[정],상장폐지,"[""'14사업연도 자본잠식률 50%이상 사유로 관리종목 지정 후 '15사업연도 반기 감사의견 거절""]"
7488,(주)아이디에이치,0,262302009,4,2009-04-29,DU,회생절차개시신청,상장폐지,['감사범위 제한에 따른 감사의견 거절']
7496,(주)아이레보,1,724302008,4,2009-02-03,UQ,0,0,['N']
7505,(주)아이비진,0,390602008,4,2008-12-20,QG,부도발생,상장폐지,['최종부도']
7570,(주)아이씨켐,0,204902002,4,2002-10-11,UQ,0,상장폐지,"['최종부도 및 은행거래정지', '최종부도 및 은행거래정지']"
7575,(주)아이씨코퍼레이션,0,805702009,4,2009-04-29,DU,0,상장폐지,['감사의견거절(감사범위제한)']
7581,(주)아이알디,1,848102009,4,2010-04-01,UQ,0,0,['N']
7697,(주)아이엠아이티,0,381002005,4,2005-04-08,DU,0,상장폐지,['감사의견거절(상장폐지사유 발생일 : 2005년 03월 23일)']
7709,(주)아이엠텍,0,2263502021,4,2021-06-11,DU,회생절차개시신청,0,['N']
7731,(주)아이인프라,0,87802004,4,2003-11-08,AG,0,0,['N']
7782,(주)아이텍스필,0,80302005,4,2005-06-02,QU,0,상장폐지,['최종부도(상장폐지사유 발생일 : 2005년 05월 02일)']
7821,(주)아이티센네트웍스,1,571102005,4,2005-10-22,UQ,0,[정정]상장폐지,"['2005년 08월 18일   ', '최근사업연도말 현재 자본잠식률 100분의50이상의 사유로 ']"
7884,(주)아이팩토리,0,538102016,4,2016-09-19,DS,내부결산시점 관리종목 지정 또는 상장폐지 사유 발생,상장폐지,['감사의견 거절(감사범위 제한 및 기업회계기준 위배)']
7894,(주)아이피에스,1,518202010,4,2011-01-14,UQ,0,0,['N']
7906,(주)아인스엠앤엠,0,407402012,4,2012-05-01,DU,0,[정정]상장폐지,"['N', '감사의견거절(감사범위 제한)']"
7959,(주)아큐텍,0,137802013,4,2013-04-23,DU,내부결산시점 관리종목 지정 또는 상장폐지 사유 발생,상장폐지,"['기업의 계속성, 경영의 투명성 또는 기타 코스닥시장의 건전성 등을 종합적으로 고려하여 상장폐지가 필요하다고 인정']"
8028,(주)알덱스,1,259702011,4,2011-12-20,UQ,0,상장폐지(피흡수합병),['피흡수합병']
8042,(주)알에스넷,1,464302013,4,2012-12-05,QU,0,0,['N']
8099,(주)알이네트웍스,0,236702010,4,2010-06-17,QU,0,상장폐지,"['기업의 계속성, 경영의 투명성 또는 기타 코스닥시장의 건전성 등을 종합적으로 고려하여 상장폐지 기준에 해당한다고 결정']"
8205,(주)액티투오,0,477102010,4,2010-07-21,UQ,0,상장폐지,"['기업의 계속성, 경영의 투명성 또는 기타 코스닥시장의 건전성 등을 종합적으로 고려하여 상장폐지 기준에 해당한다고 결정']"
8256,(주)야호커뮤니케이션,0,597202009,4,2009-05-27,DS,0,상장폐지(감사의견거절),['감사의견거절(감사범위제한)']
8279,(주)어플라이드엔지니어링,0,539602003,4,2003-04-15,UQ,0,상장폐지,['감사의견거절(취소사유발생일: 2003년 4월 1일)']
8290,(주)업필,0,543702005,4,2005-04-12,DU,0,상장폐지,['감사의견거절(상장폐지사유 발생일 : 2005년 03월 26일)']
8298,(주)에너윈,0,559702008,4,2008-05-03,DU,0,상장폐지,['감사의견거절(감사범위제한)']
8329,(주)에듀아크,0,463502010,4,2010-04-13,QG,0,상장폐지,['최근 3사업연도 연속 자기자본 대비 50% 초과 법인세 비용차감전계속사업손실 발생']
8342,(주)에듀언스,0,90102013,4,2013-05-01,DU,0,상장폐지,['감사의견거절(감사범위 제한 및 계속기업으로서의 존속능력에 대한 불확실성)']
8353,(주)에듀패스,0,319502011,4,2011-06-09,UQ,0,상장폐지,"['기업의 계속성, 경영의 투명성 또는 기타 코스닥시장의 건전성 등을 종합적으로 고려하여 상장폐지가 필요하다고 인정']"
8363,(주)에버리소스,0,200702010,4,2010-05-01,DU,0,상장폐지,['감사범위제한 및 계속기업존속능력에 대한 불확실성으로 인한 감사의견거절']
8373,(주)에스디,0,669302010,4,2010-06-29,UQ,0,상장폐지,"[""상장폐지신청('10.0""]"
8413,(주)에스마크,0,302702020,4,2020-05-21,DU,[정정]내부결산시점 관리종목 지정 또는 상장폐지 사유 발생,상장폐지,"['감사의견거절(감사범위제한 및 계속기업 존속 불확실)', '감사의견거절(감사범위제한 및 계속기업 존속 불확실)']"
8423,(주)에스브이에이치,1,462402010,4,2011-02-12,UQ,0,0,['N']
8426,(주)에스비에스,1,341202003,4,2003-06-25,UQ,0,상장폐지,['증권거래소 상장']
8460,(주)에스비엠,0,376302013,4,2013-07-24,DU,회생절차개시신청,상장폐지,"['감사의견거절(감사범위 제한 및 계속기업으로서의 존속능력에 대한 불확실성)', '감사의견거절(감사범위 제한 및 계속기업으로서의 존속능력에 대한 불확실성)']"
8595,(주)에스에스컴텍,0,365002017,4,2017-05-11,DU,파산신청 기각,상장폐지,['감사의견 거절(감사범위 제한 및 계속기업 존속능력에 대한 불확실성)']
8654,(주)에스에프씨,1,1122402020,4,2020-06-30,DS,파산신청,[정정]상장폐지,"['2020-06-17', '2020-05-14', '감사의견 거절(감사범위 제한)']"
8792,(주)에스오케이,1,326102004,4,2005-04-21,UQ,0,0,['N']
8796,(주)에스와이이노베이션,1,1948602016,4,2017-04-12,UQ,0,0,['N']
8799,(주)에스와이제이,0,2515402018,4,2018-09-07,DS,0,0,['N']
8873,(주)에스티씨라이프,1,262202011,4,2011-11-29,UQ,0,[정정]상장폐지,"['2011-11-16', '2011-11-01', '기업의 계속성 및 경영의 투명성 등을 종합적으로 고려하여 상장폐지 기준에 해당한다고 결정']"
8903,(주)에스티앤아이,1,318002009,4,2009-07-01,UQ,0,[정정]상장폐지,"['2009년 06월 18일', '기업의 계속성, 경영의 투명성 또는 기타 코스닥시장의 건전성 등을 종합적으로 고려하여 상장폐지가 필요하다고 인정']"
9001,(주)에스피컴텍,0,391102006,4,2006-04-15,UQ,0,상장폐지,['2사업연도 연속 매출액 30억원 미달(상장폐지사유 발생일 : 2006년 03월 31일)']
9011,(주)에스피코프,0,481302010,4,2010-04-20,DS,0,상장폐지,['최종부도 발생']
9044,(주)에이디모터스,1,381202012,4,2013-01-30,UQ,0,0,['N']
9100,(주)에이블씨엔씨,1,785202011,4,2011-09-07,UQ,0,상장폐지(유가증권시장 상장),['유가증권시장 상장']
9125,(주)에이스디지텍,1,365502011,4,2011-08-22,UQ,0,상장폐지(피흡수합병),['피흡수합병']
9136,(주)에이스앤파트너스,1,329302011,4,2012-01-18,UQ,0,0,['N']
9146,(주)에이스일렉트로닉스,0,386902010,4,2010-04-17,DU,0,상장폐지,['감사의견거절(감사범위제한)']
9198,(주)에이엠에스,0,447702009,4,2009-10-07,UQ,0,상장폐지,"['자본전액잠식, 2반기 연속 자본잠식률 50%이상, 2반기 연속 자기자본 10억원 미만']"
9209,(주)에이원마이크로,1,373802011,4,2012-02-01,UQ,0,0,['N']
9223,(주)에이제이에스,0,133402014,4,2014-09-02,DU,회생절차개시결정,상장폐지,"['감사의견거절(감사범위 제한 및 계속기업 존속능력에 대한 불확실성)', '감사의견거절(감사범위 제한 및 계속기업 존속능력에 대한 불확실성)']"
9293,(주)에이치앤아이,1,1036502016,4,2016-07-14,UQ,0,0,['N']
9310,(주)에이치원바이오,0,523102009,4,2009-04-23,UQ,0,상장폐지,['3회 연속 자기자본 50%초과 법인세비용차감전계속사업손실']
9435,(주)에이프로테크놀로지,0,454702011,4,2012-04-24,UQ,내부결산시점 관리종목 지정 또는 상장폐지 사유 발생,0,['N']
9453,(주)에임하이글로벌,0,435802018,4,2018-08-10,DS,0,상장폐지,['감사의견거절(감사범위 제한)']
9499,(주)에코솔루션,0,525102011,4,2011-06-16,DU,0,상장폐지,['감사의견거절(감사범위 제한 및 계속기업으로서의 존속능력에 대한 불확실성)']
9510,(주)에코페트로시스템,0,428702011,4,2011-10-06,UQ,0,상장폐지,['감사의견거절(감사범위 제한 및 계속기업으로서의 존속능력에 대한 불확실성)']
9540,(주)에프아이투어,0,473702009,4,2009-04-11,DU,0,상장폐지,['자본전액잠식']
9650,(주)에프티이앤이,1,651602019,4,2019-05-03,DS,0,[정정]상장폐지,['2018-10-08']
9662,(주)에피밸리,0,686302012,4,2012-04-24,DU,회생절차개시신청,상장폐지,['사업보고서 법정제출기한 익일부터 10일 이내 미제출']
9706,(주)엑스로드,0,741402010,4,2010-05-08,DS,0,상장폐지,['감사범위제한으로 인한 의견거절']
9712,(주)엑스씨이,0,815002009,4,2009-04-29,DU,0,상장폐지,['감사의견거절(감사범위제한)']
9738,(주)엑큐리스,1,484602012,4,2012-11-16,UQ,0,상장폐지(피흡수합병),['피흡수합병']
9762,(주)엔스퍼트,1,984002012,4,2012-07-24,AG,파산신청,[정정]상장폐지,"['2012-06-27', '기업의계속성, 경영의 투명성 또는 기타 코스닥시장의 건전성 등을 종합적으로 고려하여 상장폐지 기준에 해당한다고 결정', '2012-06-27', '기업의계속성, 경영의 투명성 또는 기타 코스닥시장의 건전성 등을 종합적으로 고려하여 상장폐지 기준에 해당한다고 결정']"
9769,(주)엔씨소프트,1,365702003,4,2003-05-22,UQ,0,상장폐지,['증권거래소 상장']
9792,(주)엔에스브이,0,953002017,4,2017-09-12,DU,회생절차개시신청,상장폐지,"['감사의견 거절(내부회계관리제도상의 취약점, 계속기업가정의 불확실성 및 재고자산 관련 감사범위 제한)', '감사의견 거절(내부회계관리제도상의 취약점, 계속기업가정의 불확실성 및 재고자산 관련 감사범위 제한)']"
9797,(주)엔에스아이,0,532502005,4,2005-04-02,DU,0,상장폐지,['감사의견거절(상장폐지사유 발생일 : 2005년 03월 19일)']
9900,(주)엔케이바이오,0,192602012,4,2012-09-05,QU,화의채무변제완료보고서제출,상장폐지,"['기업의 계속성, 경영의 투명성 또는 기타 코스닥시장의 건전성 등을 종합적으로 고려하여 상장폐지 기준에 해당한다고 결정']"
9921,(주)엔터기술,0,684202013,4,2013-04-06,UQ,0,상장폐지,"['기업의 계속성, 경영의 투명성 또는 기타 코스닥시장의 건전성 등을 종합적으로 고려하여 상장폐지가 필요하다고 인정']"
9949,(주)엔플렉스,0,401302004,4,2004-04-03,DU,0,상장폐지,['감사의견거절(취소사유발생일 : 2004년 3월 20일)']
10045,(주)엘앤씨피,0,153902012,4,2012-04-13,DU,파산신청 기각,상장폐지,"['감사의견거절(감사범위제한)', '감사의견거절(감사범위제한)']"
10086,(주)엘앤피아너스,0,611402011,4,2011-12-28,UQ,0,상장폐지,"['기업의 계속성, 경영의 투명성 또는 기타 코스닥시장의 건전성 등을 종합적으로 고려하여 상장폐지가 필요하다고 결정']"
10130,(주)엘지텔레콤,1,326402008,4,2008-04-21,UQ,0,상장폐지,['유가증권시장 상장']
10137,(주)엘피케이로보틱스,1,1833502020,4,2020-06-17,QU,0,0,['N']
10234,(주)엠엔에프씨,0,486402011,4,2011-04-13,DU,회생절차개시신청,상장폐지,['자본전액잠식 등']
10248,(주)엠제이비,0,741502016,4,2016-09-05,DS,0,상장폐지,['감사의견거절(감사범위 제한)']
10313,(주)엠트론스토리지테크놀로지,0,463202009,4,2009-08-28,UQ,0,상장폐지,['2회연속 자본잠식률 50%이상 및 자기자본 10억원 미만']
10421,(주)영진코퍼레이션,0,533302015,4,2015-04-23,0,내부결산시점 관리종목 지정 또는 상장폐지 사유 발생,상장폐지,['자본전액잠식']
10426,(주)영현무역,1,2428502019,4,2019-05-22,QU,0,0,['N']
10439,(주)예당컴퍼니,0,490002013,4,2013-09-10,UQ,0,상장폐지,['기업의 계속성 및 경영의 투명성 등을 종합적으로 고려하여 상장폐지기준에 해당']
10488,(주)예일바이오텍,0,542502007,4,2007-04-11,DU,0,[정정]상장폐지,"['N', '감사의견거절']"
10624,(주)오브제,1,586802008,4,2008-04-10,UQ,0,상장폐지,['피흡수합병']
10777,(주)옥션,1,437902004,4,2004-12-06,UQ,0,상장폐지,['자진등록취소']
10808,(주)올리브나인,0,529702010,4,2010-10-20,UQ,0,상장폐지,"['기업의 계속성, 경영의 투명성 또는 기타 코스닥시장의 건전성 등을 종합적으로 고려하여 상장폐지 기준에 해당한다고 결정']"
10811,(주)올에버,0,349702003,4,2003-04-15,DU,0,상장폐지,['감사의견거절(취소사유발생일 : 2003년 3월 31일)']
10971,(주)와이즈파워,0,406702015,4,2015-07-16,DU,내부결산시점 관리종목 지정 또는 상장폐지 사유 발생[정],상장폐지,['자본전액잠식 등']
11094,(주)우성아이비,0,1946102018,4,2018-10-12,DU,0,[정정]상장폐지,"['감사의견거절(감사범위 제한 및 계속기업 존속능력에 대한 불확실성)', '감사의견거절(감사범위 제한 및 계속기업 존속능력에 대한 불확실성)']"
11096,(주)우신시스템,1,173702002,4,2002-05-28,UQ,0,상장폐지,['증권거래소 상장']
11120,(주)우영,1,124602007,4,2008-03-13,UQ,0,0,['N']
11137,(주)우전,0,522702017,4,2017-04-13,UQ,[정정]내부결산시점 관리종목 지정 또는 상장폐지 사유 발생,상장폐지,"['자본전액잠식 등', '자본전액잠식 등']"
11168,(주)우주통신,1,540802004,4,2005-03-30,UQ,0,0,['N']
11174,(주)우진세렉스,1,498002006,4,2006-05-24,UQ,0,상장폐지,['유가증권시장 상장']
11289,(주)원익테라세미콘,1,1231002018,4,2019-02-20,UQ,0,0,['N']
11387,(주)월드텔레콤,0,476102004,4,2004-04-08,DS,0,상장폐지,['감사의견거절(취소사유발생일 : 2004년 3월 23일)     ']
11400,(주)웨스테이트디벨롭먼트,1,161402013,4,2012-10-12,UQ,0,0,['N']
11459,(주)웹솔루스,0,1603502015,4,2015-04-30,DU,0,0,['N']
11509,(주)위너지스,0,262602018,4,2018-10-11,DS,0,상장폐지,['감사의견거절(감사범위 제한)']
11526,(주)위노바,1,397902017,4,2018-03-09,UQ,0,0,['N']
11581,(주)위다스,0,568102013,4,2013-09-10,DS,내부결산시점 관리종목 지정 또는 상장폐지 사유 발생,상장폐지(의견거절(감사범위 제한)),['의견거절(감사범위 제한)']
11719,(주)윌텍정보통신,0,393902004,4,2004-04-09,DU,0,상장폐지,['감사의견거절(취소사유발생일 : 2004년 3월 24일)']
11726,(주)유니드코리아,0,1105002014,4,2014-09-02,DU,0,상장폐지,['감사의견 거절(계속기업 존속능력에 대한 불확실성)']
11728,(주)유니씨앤티,0,407802002,4,2002-10-18,UQ,0,상장폐지,"['최종부도 및 은행거래정지', '최종부도 및 은행거래정지']"
11811,(주)유니텍전자,0,390402011,4,2011-04-29,DU,0,상장폐지,['감사의견거절(감사범위 제한 및 계속기업으로서의 존속능력에 대한 불확실성)']
11833,(주)유디피,0,912702018,4,2018-04-18,DU,0,0,['N']
11953,(주)유쎌,1,2523702019,4,2020-02-27,UQ,0,0,['N']
12007,(주)유아이에너지,0,500502012,4,2012-09-26,UQ,0,상장폐지,['자본전액잠식']
12023,(주)유에이블,0,715302013,4,2013-04-23,UQ,0,상장폐지,"['기업의 계속성, 경영의 투명성 또는 기타 코스닥시장의 건전성 등을 종합적으로 고려하여 상장폐지가 필요하다고 인정']"
12036,(주)유일엔시스,0,387202013,4,2013-05-01,AG,[정정]회생절차개시신청,상장폐지,"['감사의견 부적정', '감사의견 부적정']"
12103,(주)유티엑스,1,458802009,4,2010-04-10,UQ,0,0,['N']
12119,(주)유퍼트,0,606702010,4,2010-04-13,DU,0,상장폐지,['자본전액잠식']
12222,(주)이노블루,0,662002009,4,2009-04-11,QG,0,상장폐지,"['2년연속 매출액 30억원 미달, 자본전액잠식']"
12330,(주)이론테크놀로지,0,349802003,4,2003-04-30,UQ,0,상장폐지,['최종부도 및 은행거래정지']
12340,(주)이롬텍,0,454002010,4,2010-02-11,DU,0,상장폐지,"['정기보고서 미제출로 관리종목 지정후 법정제출기한내 사업보고서 미제출, 2회 연속 정기주주총회 미개최 또는 재무제표 미승인, 자본전액잠식 ']"
12350,(주)이루넷,0,410302010,4,2010-05-05,DS,0,상장폐지,['감사범위제한으로 인한 감사의견 거절']
12385,(주)이룸지엔지,0,506402011,4,2011-08-20,UQ,회생절차개시신청,상장폐지,"['기업의 계속성, 경영의 투명성 또는 기타 코스닥시장의 건전성 등을 종합적으로 고려하여 상장폐지가 필요하다고 인정']"
12453,(주)이수페타시스,1,76602003,4,2003-10-07,UQ,0,상장폐지,['증권거래소 상장']
12497,(주)이앤텍,0,474502010,4,2010-11-30,UQ,0,상장폐지,"['기업의 계속성, 경영의 투명성 또는 기타 코스닥시장의 건전성 등을 종합적으로 고려하여 상장폐지 기준에 해당한다고 결정']"
12575,(주)이엠네트웍스,0,877302021,4,2021-10-08,DU,내부결산시점 관리종목 지정 또는 상장폐지 사유 발생[정],0,['N']
12701,(주)이지클럽,0,389802005,4,2005-09-10,QU,0,상장폐지,['최근사업연도말 기준 자본잠식률 100분의 50이상의 사유로 관리종목지정 후 법정제출기한 다음날로부터 10일이내 반기보고서 미제출']
12754,(주)이푸른,1,1852802016,4,2016-12-05,UQ,0,0,['N']
12777,(주)인네트,0,414502010,4,2010-09-14,UQ,0,상장폐지,['최종부도 발생']
12831,(주)인스프리트,0,731302012,4,2012-10-12,AG,0,상장폐지,['자본잠식률 50% 이상으로 관리종목 지정 이후 최근 반기의 재무제표에 대한 감사인의 감사의견거절 등']
12840,(주)인젠,0,416302010,4,2010-05-08,DS,0,상장폐지,['감사범위제한으로 인한 의견거절']
13027,(주)인팩,1,238102004,4,2004-09-21,UQ,0,상장폐지,['한국증권거래소 상장']
13067,(주)인포피아,1,362202016,4,2016-05-09,DS,0,[정정]상장폐지,"['2016-04-22', '감사의견 거절(감사범위 제한으로 인한 의견거절)']"
13072,(주)인프라웨어테크놀러지,1,2473002019,4,2019-12-06,UQ,0,0,['N']
13122,(주)일공공일안경콘택트,0,320302010,4,2010-04-13,DS,0,상장폐지,['자본전액잠식']
13227,(주)자강,0,367902009,4,2009-05-15,DU,0,상장폐지,['감사의견거절(계속기업 존속 불확실성)']
13264,(주)자유투어,0,468402013,4,2013-05-01,DU,0,상장폐지,['감사의견거절(감사범위 제한) ']
13372,(주)제낙스,0,656202021,4,2021-08-09,DU,내부결산시점 관리종목 지정 또는 상장폐지 사유 발생[정],0,['N']
13381,(주)제너비오믹스,1,170102009,4,2010-03-26,UQ,0,0,['N']
13392,(주)제너시스템즈,0,739302014,4,2013-07-12,DU,0,0,['N']
13401,(주)제네시스엔알디,0,526402009,4,2009-10-07,UQ,0,상장폐지,"['기업의 계속성, 경영의 투명성 또는 기타 코스닥시장의 건전성 등을 종합적으로 고려하여 상장폐지가 필요하다고 인정']"
13604,(주)제이에스피브이,1,2503002018,4,2019-03-04,UQ,0,0,['N']
13615,(주)제이에이치코오스,0,653102012,4,2012-05-31,UQ,0,상장폐지,['기업의 계속성 및 경영의 투명성 등을 종합적으로 고려하여 상장폐지 기준에 해당한다고 결정']
13628,(주)제이엠피,0,547902007,4,2007-04-24,UQ,0,상장폐지,['감사의견거절']
13688,(주)제이콘텐트리,1,364202019,4,2019-10-18,UQ,0,상장폐지(유가증권시장 상장),['유가증권시장 상장']
13698,(주)제이콤,0,607502011,4,2011-04-16,UQ,부도발생,상장폐지,['최종부도 발생']
13717,(주)제이테크놀로지,0,354802019,4,2019-12-12,UQ,0,[정정]상장폐지(상장폐지결정 효력정지 등 가처분신청 기각결정(발행주식수 오기 정정)),"['기업의 계속성 및 경영의 투명성 등을 종합적으로 고려하여 상장폐지기준에 해당한다고 결정', '2019-11-29', '2019-10-04', '2019-10-04', '기업의 계속성 및 경영의 투명성 등을 종합적으로 고려하여 상장폐지기준에 해당한다고 결정']"
13900,(주)조이토토,0,443702008,4,2008-05-03,DU,0,상장폐지,['감사의견거절(감사범위제한)']
13926,(주)주노콜렉션,0,2216702019,4,2019-07-16,DS,0,0,['N']
13958,(주)중앙디자인,0,300302011,4,2011-04-13,DU,0,상장폐지(자본전액잠식),['자본전액잠식']
13968,(주)중앙바이오텍,0,151702010,4,2010-04-13,DU,0,상장폐지,['자본전액잠식']
14028,(주)지노시스템,0,338502011,4,2011-05-07,DS,화의채무변제완료보고서제출,상장폐지,['감사의견거절(감사범위제한)']
14059,(주)지니웍스,0,366002005,4,2005-04-02,DU,0,상장폐지,['감사의견거절(상장폐지사유 발생일 : 2005년 03월 18일)']
14073,(주)지디,0,1559602018,4,2018-10-12,DS,0,[정정]상장폐지,"['감사의견 거절(감사범위 제한)', '감사의견 거절(감사범위 제한)']"
14082,(주)지디코프,0,366102009,4,2009-06-17,UQ,0,상장폐지,"['기업의 계속성, 경영의 투명성 또는 기타 코스닥시장의 건전성 등을 종합적으로 고려하여 상장폐지가 필요하다고 인정']"
14097,(주)지성이씨에스,1,1382902018,4,2018-08-22,UQ,0,0,['N']
14110,(주)지아이바이오,0,354502013,4,2013-08-07,DU,0,상장폐지,['감사의견거절(감사범위 제한 및 계속기업으로서의 존속능력에 대한 불확실성)']
14125,(주)지앤디윈텍,1,610502011,4,2012-01-20,UQ,0,0,['N']
14145,(주)지앤알,0,436302011,4,2011-04-29,DU,0,상장폐지,['감사의견거절(감사범위 제한 및 계속기업으로서의 존속능력에 대한 불확실성)']
14158,(주)지앤에스티,0,369202013,4,2013-05-07,DS,0,상장폐지,['감사의견거절(감사범위 제한)']
14243,(주)지엔텍홀딩스,0,654102010,4,2010-05-05,DU,0,상장폐지,['감사의견거절(감사범위제한 및 계속기업 존속 불확실)']
14263,(주)지오엠씨,0,330302010,4,2010-09-25,QU,0,상장폐지,"['기업의 계속성, 경영의 투명성 또는 기타 코스닥시장의 건전성 등을 종합적으로 고려하여 상장폐지 기준에 해당한다고 결정']"
14272,(주)지이엔에프,0,389202009,4,2009-05-29,UQ,0,상장폐지,"['기업의 계속성, 경영의 투명성 또는 기타 코스닥시장의 건전성 등을 종합적으로 고려하여 상장폐지가 필요하다고 인정']"
14280,(주)지케이파워,0,540202009,4,2010-04-03,UQ,부도발생,0,['N']
14311,(주)지티앤티,0,538702015,4,2015-10-15,UQ,[정정]내부결산시점 관리종목 지정 또는 상장폐지 사유 발생,상장폐지,"[""'14사업연도 자본잠식률 50%이상 사유로 관리종목 지정 후 '15사업연도 반기 감사의견 거절"", ""'14사업연도 자본잠식률 50%이상 사유로 관리종목 지정 후 '15사업연도 반기 감사의견 거절"", ""'14사업연도 자본잠식률 50%이상 사유로 관리종목 지정 후 '15사업연도 반기 감사의견 거절""]"
14421,(주)창민테크,0,429602005,4,2005-04-13,DU,0,상장폐지,['감사의견거절(상장폐지사유 발생일 : 2005년 03월 28일)']
14482,(주)청람디지탈,0,352702008,4,2008-04-23,DU,0,상장폐지,['법정제출기한까지 사업보고서를 제출하지 아니한 후']
14566,(주)카라반케이디이,0,325702009,4,2009-09-18,UQ,0,[정정]상장폐지,"['-', '-', '발행한 어음 또는 수표가 주거래은행에 의하여 최종부도로 결정되거나 거래은행에 의한 거래 정지']"
14568,(주)카리스소프트,0,240802002,4,2002-10-17,UQ,0,상장폐지,"['최근 2년간 3회이상 불성실공시법인으로 지정', '최근 2년간 3회이상 불성실공시법인으로 지정']"
14610,(주)카카오,1,357202017,4,2017-07-10,UQ,0,상장폐지(유가증권시장 상장),['유가증권시장 상장']
14633,(주)카카오엠,1,161702018,4,2018-09-18,UQ,0,상장폐지(피흡수합병),['피흡수합병']
14637,(주)캐로스,1,2604902017,4,2017-11-29,UQ,0,0,['N']
14717,(주)케너텍,0,627302009,4,2009-12-23,UQ,[정정]회생절차개시결정,상장폐지,"['회생절차폐지결정사유 및 당해 코스닥시장상장법인의 계속기업 가능성 유무를 고려한 결과  상장폐지기준에 해당한다고 결정', '회생절차폐지결정사유 및 당해 코스닥시장상장법인의 계속기업 가능성 유무를 고려한 결과  상장폐지기준에 해당한다고 결정', '회생절차폐지결정사유 및 당해 코스닥시장상장법인의 계속기업 가능성 유무를 고려한 결과  상장폐지기준에 해당한다고 결정', '회생절차폐지결정사유 및 당해 코스닥시장상장법인의 계속기업 가능성 유무를 고려한 결과  상장폐지기준에 해당한다고 결정', '회생절차폐지결정사유 및 당해 코스닥시장상장법인의 계속기업 가능성 유무를 고려한 결과  상장폐지기준에 해당한다고 결정']"
14720,(주)케미그라스,1,210902003,4,2003-12-20,UQ,0,상장폐지,['자진등록취소']
14725,(주)케미메디,0,2052902019,4,2020-05-13,DS,0,0,['N']
14755,(주)케이디세코,0,737802009,4,2009-04-11,DS,0,상장폐지,['2회 연속 자본잠식률 50%이상']
14757,(주)케이디엠,1,275602002,4,2002-05-03,UQ,0,상장폐지승인,['기타 등록취소']
14889,(주)케이알,0,359502010,4,2009-08-21,DU,0,0,['N']
14900,(주)케이에스리소스,0,663402011,4,2011-09-09,UQ,0,상장폐지,['자본잠식률 50% 이상으로 관리종목 지정 후 반기보고서 법정제출기한 익일부터 10일 이내 반기 검토(감사)보고서 미제출']
14971,(주)케이엔씨글로벌,1,681502016,4,2017-03-07,UQ,0,0,['N']
15010,(주)케이엔티,0,365902005,4,2005-04-16,QU,0,상장폐지,['자본전액잠식(상장폐지사유발생일 : 2005년 03월 31일)']
15171,(주)케이티씨텔레콤,0,558102005,4,2005-08-13,QU,0,상장폐지,['최종부도(상장폐지사유 발생일 : 2005년 07월 29일)']
15196,(주)케이티프리텔,1,323902004,4,2004-04-29,UQ,0,상장폐지,['증권거래소 상장']
15321,(주)코닉스,0,172102002,4,2002-11-14,UQ,0,상장폐지,"['최종부도 및 은행거래정지', '최종부도 및 은행거래정지']"
15410,(주)코레스,0,83402010,4,2010-04-13,DU,0,상장폐지,['자본전액잠식']
15449,(주)코리아링크,0,374102003,4,2003-04-16,UQ,0,상장폐지,['감사의견거절 및 최종부도']
15635,(주)코스모스피엘씨,0,531702009,4,2009-04-30,DU,0,상장폐지((주)코스모스피엘씨 주권 상장폐지),['자본전액잠식']
15706,(주)코아에스앤아이,0,523502012,4,2012-04-17,DU,0,상장폐지,['감사의견거절(감사범위 제한)']
15715,(주)코아정보시스템,0,399902009,4,2009-06-10,UQ,0,상장폐지,"['기업의 계속성, 경영의 투명성 또는 기타 코스닥시장의 건전성 등을 종합적으로 고려하여 상장폐지가 필요하다고 인정']"
15725,(주)코어비트,0,568502010,4,2010-03-09,DU,0,상장폐지,"['기업의 계속성, 경영의 투명성 또는 기타 코스닥시장의 건전성 등을 종합적으로 고려하여 상장폐지가 필요하다고 인정']"
15825,(주)쿠첸,1,2256502019,4,2019-09-16,UQ,0,상장폐지,['타법인의 완전자회사로 편입']
15837,(주)쿨투,0,560202009,4,2009-04-29,DU,0,상장폐지,['감사의견거절(감사범위제한)']
15896,(주)큐리어스,0,450502012,4,2012-11-27,QU,0,상장폐지,"['기업의 계속성, 경영의 투명성 또는 기타 코스닥시장의 건전성 등을 종합적으로 고려하여 상장폐지가 필요하다고 인정']"
15943,(주)큐앤에스,0,528802011,4,2011-09-23,UQ,0,상장폐지,['상장폐지사유 발생']
16010,(주)클라스타,0,375502011,4,2011-10-26,QU,0,상장폐지,"['자본잠식률 50% 이상으로 관리종목 지정 후, 최근 반기의 재무제표에 대한 감사인의 감사의견 거절']"
16047,(주)클루넷,0,671302012,4,2012-06-08,UQ,0,상장폐지,"['기업의 계속성, 경영의 투명성 또는 기타 코스닥시장의 건전성 등을 종합적으로 고려하여 상장폐지 기준에 해당한다고 결정']"
16067,(주)클리핑,0,254602009,4,2009-04-29,DS,0,상장폐지,['감사범위 제한에 따른 감사의견 거절']
16105,(주)타임아이엔씨,1,469302003,4,2003-07-03,UQ,0,상장폐지,"[""피흡수합병 (합병기일: '03.7.1)""]"
16130,(주)태경피엔에스,0,2350902018,4,2018-05-09,DS,0,0,['N']
16161,(주)태광이엔시,0,481402010,4,2010-11-25,UQ,0,상장폐지,"['기업의 계속성, 경영의 투명성 또는 기타 코스닥시장의 건전성 등을 종합적으로 고려하여 상장폐지 기준에 해당한다고 결정']"
16185,(주)태영텔스타,0,608402003,4,2003-04-02,DS,0,상장폐지,['감사의견거절']
16237,(주)태창파로스,0,398502015,4,2015-05-19,UQ,0,상장폐지,['기업의 계속성 및 경영의 투명성 등을 종합적으로 고려하여 상장폐지기준에 해당한다고 결정']
16242,(주)택산아이엔씨,0,369002005,4,2005-04-23,DU,0,상장폐지,['감사의견거절']
16256,(주)터보테크,1,324202014,4,2015-01-27,QU,0,0,['N']
16259,(주)테라,0,327802003,4,2003-04-25,NS,0,상장폐지,['사업보고서 미제출']
16272,(주)테라리소스,1,533202013,4,2014-02-07,UQ,0,0,['N']
16301,(주)테라텍,1,1517502015,4,2016-02-23,UQ,0,0,['N']
16336,(주)테크메이트,0,436902004,4,2004-10-16,UQ,0,상장폐지,['최종부도(취소사유발생일: 2004년 10월 1일)']
16492,(주)트라이써클,1,340102012,4,2013-02-21,UQ,0,0,['N']
16498,(주)트라이콤,1,384102008,4,2009-04-23,UQ,0,0,['N']
16502,(주)트래픽아이티에스,0,380502004,4,2004-04-15,DU,0,상장폐지,['감사의견거절(취소사유발생일 : 2004년 3월 30일)']
16520,(주)트레이스,0,522902018,4,2018-10-11,DS,0,상장폐지,['감사의견거절(감사범위 제한)']
16542,(주)트리니티,0,530702009,4,2009-06-03,UQ,0,상장폐지,"['기업의 계속성, 경영의 투명성 또는 기타 코스닥시장의 건전성 등을 종합적으로 고려하여 상장폐지가 필요하다고 인정']"
16589,(주)티브로드도봉강북방송,0,352102012,4,2012-11-01,UQ,0,상장폐지,"[""상장폐지신청('12.09.26)""]"
16601,(주)티브로드한빛방송,0,438902012,4,2012-11-01,UQ,0,상장폐지,"[""상장폐지 신청('12.09.26)""]"
16649,(주)티씨엠생명과학,1,2281802020,4,2020-08-07,UQ,0,0,['N']
16712,(주)티에스엠텍,0,663502015,4,2015-05-20,UQ,[정정]회생절차개시신청,상장폐지,"['발행한 어음 또는 수표가 주거래은행에 의하여 최종부도로 결정되거나 거래은행에 의한 거래정지', '발행한 어음 또는 수표가 주거래은행에 의하여 최종부도로 결정되거나 거래은행에 의한 거래정지', '발행한 어음 또는 수표가 주거래은행에 의하여 최종부도로 결정되거나 거래은행에 의한 거래정지']"
16771,(주)티엠,0,760902010,4,2010-04-23,DU,파산신청,상장폐지,['감사의견거절(감사범위제한)']
17065,(주)파인넥스,0,1232602019,4,2020-04-10,DU,0,0,['N']
17193,(주)파티게임즈,1,1945102020,4,2020-09-09,DS,0,[정정]상장폐지(상장폐지무효확인 청구의 소(원고 상고 기각)),['2018-10-05']
17324,(주)평산,0,894802012,4,2012-04-13,DU,0,상장폐지,['감사의견거절(감사범위제한)']
17334,(주)포네이처,0,452902010,4,2010-04-23,DU,0,상장폐지,"['사업보고서 법정제출기한 익일부터 10일이내 미제출', '2010-03-31', '자본전액잠식']"
17343,(주)포넷,1,482702009,4,2009-05-04,DU,0,[정정]상장폐지((주)포넷 주권 상장폐지),"['2009년 04월 01일', '자본전액잠식']"
17425,(주)포스코케미칼,1,36702019,4,2019-05-29,UQ,0,상장폐지(유가증권시장 상장),['유가증권시장 상장']
17443,(주)포이보스,0,388102009,4,2009-04-11,DU,회생절차개시결정,상장폐지((주)포이보스 주권 상장폐지),"['자본전액잠식', '자본전액잠식']"
17479,(주)포휴먼,1,496902010,4,2011-04-23,UQ,0,0,['N']
17538,(주)폴리플러스,0,656102012,4,2012-05-01,DU,0,상장폐지,['감사의견거절(감사범위제한)']
17548,(주)폴켐,0,331902010,4,2010-04-23,DS,0,상장폐지,['사업보고서 법정제출기한 익일부터 10일이내 미제출']
17611,(주)풍연,0,170902001,4,2001-05-25,DS,0,상장폐지승인,['자본전액잠식(2년)']
17616,(주)퓨얼셀파워,1,1391702014,4,2014-10-30,UQ,0,0,['N']
17631,(주)퓨쳐인포넷,0,586902010,4,2010-08-26,UQ,0,상장폐지,['기업의 계속성 및 경영의 투명성 등을 종합적으로 고려하여 상장폐지가 필요하다고 인정']
17670,(주)프렉코,1,822202015,4,2015-09-25,UQ,0,0,['N']
17679,(주)프로비타,0,144202009,4,2009-11-06,UQ,0,상장폐지,['주된 영업의 정지에 의한 상장폐지기준 해당']
17749,(주)프리젠,1,609102016,4,2017-02-24,UQ,내부결산시점 관리종목 지정 또는 상장폐지 사유 발생[정],0,['N']
17778,(주)플러스프로핏,0,366602010,4,2009-11-20,DS,0,0,['N']
17826,(주)플렉스컴,0,652702016,4,2016-04-12,DU,[정정]내부결산시점 관리종목 지정 또는 상장폐지 사유 발생,상장폐지,"['자본전액잠식', '자본전액잠식']"
17840,(주)피더블유제네틱스,0,659102009,4,2009-04-18,DU,0,상장폐지((주)피더블유제네틱스 상장폐지),['감사의견거절(감사범위제한) ']
17902,(주)피앤텔,0,543402020,4,2020-05-21,DU,내부결산시점 관리종목 지정 또는 상장폐지 사유 발생,상장폐지,['감사의견 거절(감사범위 제한 및 계속기업 존속능력에 대한 불확실성)']
17998,(주)피엘에이,0,823902016,4,2016-07-26,UQ,[정정]내부결산시점 관리종목 지정 또는 상장폐지 사유 발생,상장폐지,"['기업의 계속성 및 경영의 투명성 등을 종합적으로 고려하여 상장폐지기준에 해당한다고 결정', '기업의 계속성 및 경영의 투명성 등을 종합적으로 고려하여 상장폐지기준에 해당한다고 결정']"
18007,(주)피엠디아카데미,1,1447402018,4,2018-08-07,QU,0,0,['N']
18013,(주)피엠에스,1,1794402016,4,2016-07-07,UQ,0,0,['N']
18049,(주)피케이엘,0,398702005,4,2005-11-09,UQ,0,상장폐지,['상장폐지신청(2005.10.14)']
18068,(주)피코소프트,0,395802004,4,2004-04-07,DU,0,상장폐지,['감사의견거절(취소사유발생일:2004년 3월 22일)']
18145,(주)하나투어,1,391302011,4,2011-11-01,UQ,0,상장폐지(유가증권시장 상장),['유가증권시장 상장']
18194,(주)하림홀딩스,1,246602018,4,2018-07-16,UQ,0,상장폐지(피흡수합병),['피흡수합병']
18199,(주)하우리,0,491302005,4,2005-04-05,DS,0,상장폐지,['감사의견거절(상장폐지사유 발생일 : 2005년 03월 21일)']
18207,(주)하이드로젠파워,0,700802010,4,2010-11-06,QU,부도발생,상장폐지,"['최종부도', '최종부도']"
18214,(주)하이럭스,0,793402009,4,2009-06-24,UQ,0,상장폐지,"['기업의 계속성, 경영의 투명성 또는 기타 코스닥시장의 건전성 등을 종합적으로 고려하여 상장폐지가 필요하다고 인정']"
18261,(주)하이스마텍,0,571002010,4,2010-05-08,DS,0,상장폐지,['감사의견거절(감사범위제한)']
18265,(주)하이콤정보통신,1,485402004,4,2004-08-18,UQ,0,상장폐지,['액면가액일정비율미만(취소사유발생일 : 2004년 8월 3일)']
18507,(주)한도하이테크,0,606602008,4,2008-05-03,DS,0,상장폐지,['감사의견거절(감사범위제한)']
18518,(주)한빛네트,0,367202004,4,2004-04-08,DU,0,상장폐지,['감사의견거절(취소사유발생일 : 2004년 3월 23일)']
18550,(주)한신코퍼레이션,0,371202005,4,2004-10-21,DU,0,0,['N']
18555,(주)한아시스템,0,360202005,4,2005-04-02,AG,0,상장폐지,['감사의견 부적정(상장폐지사유 발생일 : 2005년 03월 21일)']
18566,(주)한와이어리스,0,370202011,4,2011-04-23,DU,0,상장폐지,['사업보고서 법정제출기한 익일부터 10일이내 미제출']
18569,(주)한일,1,226102003,4,2004-02-07,UQ,0,0,['N']
18596,(주)한진피앤씨,1,614602017,4,2017-09-29,UQ,내부결산시점 관리종목 지정 또는 상장폐지 사유 발생[정],상장폐지(피흡수합병),['피흡수합병']
18654,(주)한컴지엠디,1,772802019,4,2020-01-16,UQ,0,0,['N']
18683,(주)한텔,0,419402008,4,2008-04-23,DU,0,상장폐지,['2연속 자본잠식률 50% 이상']
18737,(주)해피드림,0,651802015,4,2015-05-04,QG,0,[정정]상장폐지,"['N', '감사범위제한 및 회계처리기준 위반으로 인한 한정의견']"
18770,(주)행남사,1,88002021,4,2021-06-07,UQ,내부결산시점 관리종목 지정 또는 상장폐지 사유 발생[정],0,['N']
18779,(주)헤쎄나,0,362702009,4,2009-06-17,UQ,0,상장폐지,"['기업의 계속성, 경영의 투명성 또는 기타 코스닥시장의 건전성 등을 종합적으로 고려하여 상장폐지가 필요하다고 인정']"
18790,(주)헤파호프코리아,0,393502011,4,2011-06-16,UQ,0,상장폐지,['기업의 계속성 및 경영의 투명성 등을 종합적으로 고려하여 상장폐지 기준에 해당한다고 결정']
18835,(주)현대멀티캡,1,359102004,4,2005-01-19,UQ,0,0,['N']
18928,(주)호성,0,358702004,4,2004-06-12,UQ,0,상장폐지,['최종부도(취소사유발생일 : 2004년 5월 28일)  ']
18973,(주)화림모드,0,459202003,4,2003-10-17,UQ,0,상장폐지,['최종부도 및 은행거래정지']
19004,(주)화신테크,0,862502021,4,2021-08-31,DU,회생절차개시신청,0,['N']
19007,(주)화인썬트로닉스,0,385202003,4,2003-03-07,NS,0,상장폐지,['최종부도 및 은행거래정지']
19027,(주)화진,0,1347802020,4,2020-07-02,DS,회생절차 종결결정,상장폐지,"['감사의견거절(감사범위제한)', '감사의견거절(감사범위제한)', '감사의견거절(감사범위제한)', '감사의견거절(감사범위제한)']"
19036,(주)황금에스티,1,325602009,4,2009-10-29,UQ,0,상장폐지,['유가증권시장 상장']
19062,(주)휘튼,0,664802006,4,2006-04-25,DU,0,상장폐지,['감사의견거절(상장폐지사유발생일 : 2006년 4월 10일)']
19122,(주)휴먼이노텍,1,136302002,4,2002-04-20,NS,0,상장폐지승인,['기타 등록취소']
19135,(주)휴먼텍코리아,0,660602013,4,2013-04-12,DU,0,상장폐지,['자본전액잠식']
19267,(주)희훈디앤지,0,196402009,4,2009-04-23,QS,0,상장폐지,['자본전액잠식']
19278,(주)히스토스템,0,368402011,4,2011-09-15,QU,0,상장폐지,"['기업의 계속성, 경영의 투명성 또는 기타 코스닥시장의 건전성등을 종합적으로 고려하여 상장폐지가  필요하다고 인정']"
19299,(주)힘스인터내셔널,1,1819802015,4,2015-04-15,UQ,0,0,['N']
19335,KCW(주),0,680602015,4,2015-09-18,UQ,0,상장폐지,"['기업의 계속성, 경영의 투명성 또는 그 밖에 코스닥시장의 건전성 등을 종합적으로 고려하여 상장폐지 기준에 해당한다고 결정']"
19622,국제엘렉트릭코리아(주),0,537402015,4,2015-02-10,UQ,0,상장폐지,"[""상장폐지 신청('15.01.15)""]"
19626,그로웰전자(주),1,92202004,4,2005-01-19,UQ,0,0,['N']
19663,글로웍스(주),0,346002011,4,2011-06-29,UQ,0,상장폐지,['자본잠식률 50%이상으로 관리종목 지정 후 반기 재무제표에 대한 감사의견 거절']
19669,금강제강(주),0,1050702012,4,2012-08-14,UQ,부도발생,상장폐지,['최종부도 발생']
19772,나이스메탈(주),0,725302011,4,2011-05-07,DU,0,상장폐지,['감사의견거절(감사범위 제한 및 계속기업으로서의 존속능력에 대한 불확실성)']
19867,네스테크(주),0,375402011,4,2011-11-26,UQ,0,상장폐지,"['기업의 계속성, 경영의 투명성 또는 기타 코스닥시장의 건전성 등을 종합적으로 고려하여 상장폐지 기준에 해당한다고 결정']"
19874,네오세미테크(주),0,892402010,4,2010-09-03,DS,회생절차개시신청,상장폐지,['감사의견거절(감사범위 제한)']
19886,넥스콘테크놀러지(주),0,389902012,4,2012-11-01,UQ,0,상장폐지,"[""상장폐지신청('12.10.09)""]"
19962,닉스테크(주),1,638402016,4,2016-04-12,UQ,0,0,['N']
19979,다산,1,151502001,4,2001-09-18,DU,0,상장폐지승인,['기타 등록취소']
20074,대선조선(주),0,319902011,4,2011-04-13,UQ,0,상장폐지,['자본전액잠식 등']
20099,대아건설(주),1,3802004,4,2004-10-21,UQ,0,상장폐지,"[""피흡수합병(합병기일 : '04.9.22)""]"
20171,대웅화학(주),1,168902009,4,2009-04-20,UQ,0,상장폐지(피흡수합병),['피흡수합병']
20385,대흥멀티미디어통신(주),0,372502004,4,2004-05-11,QU,0,상장폐지,['최종부도(취소사유발생일 : 2004년 4월 23일)']
20452,덴소풍성(주),1,470602005,4,2004-08-14,UQ,0,0,['N']
20524,동부씨엔아이(주),1,446402010,4,2010-11-22,UQ,0,상장폐지(피흡수합병),['피흡수합병']
20533,동산진흥(주),1,319602009,4,2010-02-20,UQ,0,0,['N']
20586,동양매직(주),1,230202011,4,2011-09-14,UQ,0,상장폐지(피흡수합병),['피흡수합병']
20596,동양시스템즈(주),1,307902010,4,2010-11-02,UQ,0,상장폐지(유가증권시장 상장),['유가증권시장 상장']
20625,동양텔레콤(주),0,71502012,4,2012-09-11,DU,회생절차개시결정,상장폐지,"['2회 연속 자본잠식률 50%이상', '2회 연속 자본잠식률 50%이상']"
20697,드림라인(주),1,354302003,4,2003-09-19,UQ,0,상장폐지,['액면가액일정비율미달']
20711,디브이에스코리아(주),0,464002014,4,2014-09-02,DS,내부결산시점 관리종목 지정 또는 상장폐지 사유 발생,상장폐지,['감사의견거절(감사범위제한)']
20747,디에스티(주),0,334302021,4,2021-09-02,DU,내부결산시점 관리종목 지정 또는 상장폐지 사유 발생[정],0,['N']
20751,디와이엘엔제이(주),1,2072302016,4,2016-07-25,UQ,0,0,['N']
20770,디이시스(주),0,532002004,4,2004-04-03,DU,0,상장폐지,['감사의견거절(취소사유발생일 : 2004년 3월 22일)  ']
20858,럭슬(주),0,336002019,4,2021-08-11,UQ,[정정]회생절차개시신청,0,['N']
20876,레이젠(주),0,474402018,4,2018-10-11,DU,파산신청 기각,상장폐지,['감사의견거절(감사범위 제한 및 계속기업 존속능력에 대한 불확실성)']
20921,리타워테크놀러지스(주),0,208602003,4,2003-04-11,DU,0,상장폐지,['감사의견거절(취소사유발생일 : 2003년 3월 27일)']
21053,모빌링크텔레콤(주),0,413102009,4,2009-04-23,DU,0,상장폐지,['자본전액잠식']
21120,미리넷(주),0,567102012,4,2012-04-13,DU,회생절차개시신청,상장폐지,['자본전액잠식']
21139,미주제강(주),0,26702012,4,2012-04-17,DU,회생절차개시신청,상장폐지,['발행한 어음 또는 수표가 주거래은행에 의하여 최종부도로 결정되거나 거래은행에 의한 거래 정지']
21228,부국철강(주),1,269402008,4,2008-10-14,UQ,0,상장폐지,['유가증권시장 상장']
21244,부산방직공업(주),1,252702016,4,2016-08-18,UQ,0,상장폐지(피흡수합병),['피흡수합병']
21266,브이케이(주),0,487602006,4,2006-07-22,UQ,0,[정정]상장폐지,"['N', '최종부도']"
21311,비알엔사이언스(주),0,387102011,4,2011-05-07,DU,회생절차개시신청,상장폐지,['감사의견거절(계속기업으로서의 존속능력에 대한 불확실성)']
21339,비전하이테크(주),1,150502009,4,2010-03-09,UQ,0,0,['N']
21368,산양전기(주),0,798702009,4,2009-04-11,QU,0,상장폐지,['자본전액잠식']
21422,삼목강업(주),1,1583802016,4,2016-04-21,UQ,0,상장폐지(피흡수합병),['피흡수합병']
21613,삼한콘트롤스(주),0,330702002,4,2002-03-18,NS,0,상장폐지승인,['최종부도 또는 당좌거래정지(1년)']
21639,삼호개발(주),1,109602005,4,2005-05-12,UQ,0,상장폐지,['유가증권시장 상장']
21643,삼화기연(주),0,332102004,4,2004-03-31,DU,0,상장폐지(삼화기연(주)),['감사의견거절(취소사유발생일 : 2004년 3월 15일)']
21647,상신브레이크(주),1,416502004,4,2004-10-27,UQ,0,상장폐지,['증권거래소 상장']
21862,세림아이텍(주),0,330402002,4,2002-11-26,QG,0,상장폐지,"['신고,공시의무를 위반하여 투자유의종목으로 지정된 후 1년이내에 불성실공시법인으로 지정 및 최근 2년간 3회 이상 불성실공시법인으로 지정', '신고,공시의무를 위반하여 투자유의종목으로 지정된 후']"
21893,세미텍(주),1,812202014,4,2014-03-03,UQ,0,상장폐지(피흡수합병),['피흡수합병']
21906,세신버팔로(주),1,1106602018,4,2018-10-11,UQ,0,0,['N']
21910,세원텔레콤(주),0,369102004,4,2004-06-01,UQ,0,상장폐지,['회사정리절차 개시신청']
21912,세종공업(주),1,335302002,4,2002-09-25,UQ,0,상장폐지,['한국증권거래소 상장']
21924,세종머티리얼즈(주),1,1352702019,4,2019-10-02,UQ,0,0,['N']
21989,스탠다드펌(주),0,1792802015,4,2015-04-30,DU,0,0,['N']
22021,시큐리티코리아(주),0,663302008,4,2008-04-12,DS,0,상장폐지,['2연속 자본잠식률 50%이상 및 자기자본 10억원 미만']
22092,신세계건설(주),1,343002002,4,2002-06-17,UQ,0,상장폐지,['증권거래소 상장']
22202,쌍용건설(주),0,126502014,4,2014-04-11,DU,0,상장폐지,['자본전액잠식 등']
22227,쓰리알(주),0,377302004,4,2004-04-22,UQ,0,상장폐지,['자본전액잠식(취소사유발생일 : 2004년 4월 6일) ']
22261,씨앤씨엔터프라이즈(주),0,384202007,4,2007-08-29,QU,0,[정정]상장폐지,"['2회연속 자본잠식률 50% 이상 및 자기자본 10억원 미만', '2회연속 자본잠식률 50% 이상 및 자기자본 10억원 미만']"
22331,씨제이엔터테인먼트(주),1,493702006,4,2006-04-20,UQ,0,상장폐지,['피흡수합병']
22339,씨제이이앤엠(주),1,1309602018,4,2018-07-18,UQ,0,0,['N']
22349,씨제이인터넷(주),1,371502010,4,2011-03-22,UQ,0,0,['N']
22451,아스팩오일(주),1,2323602017,4,2017-07-25,UQ,0,0,['N']
22459,아시아나항공(주),1,205602008,4,2008-03-28,UQ,0,상장폐지,['유가증권시장 상장']
22475,아이스테이션(주),0,560102012,4,2012-04-13,DU,0,상장폐지,['자본전액잠식 등']
22520,아이이(주),0,234302017,4,2017-12-20,QU,0,상장폐지,['기업의 계속성 및 경영의 투명성 등을 종합적으로 고려하여 상장폐지기준에 해당한다고 결정']
22617,알루코(주),0,215702005,4,2005-10-13,UQ,0,상장폐지,['최종부도(상장폐지사유 발생일 : 2005년 09월 27일)']
22676,알티전자(주),0,322902011,4,2011-04-23,UQ,회생절차개시신청,상장폐지,['사업보고서 법정제출기한 익일부터 10일 이내 미제출']
22761,어울림네트웍스(주),0,428202012,4,2012-11-17,UQ,내부결산시점 관리종목 지정 또는 상장폐지 사유 발생,0,['N']
22773,어울림엘시스(주),1,332802012,4,2012-09-11,UQ,0,[정정]상장폐지,"['2012-08-24', '2반기 연속 자본잠식률 50%이상']"
22784,어울림정보기술(주),1,383202012,4,2012-09-08,UQ,0,[정정]상장폐지,"['2012-08-24', '2반기 연속 자본잠식률 50%이상']"
22796,에버테크노(주),0,704802014,4,2014-07-17,DU,내부결산시점 관리종목 지정 또는 상장폐지 사유 발생,상장폐지,['감사의견 거절(감사범위 제한 및 계속기업 존속능력에 대한 불확실성']
22902,에스에스씨피(주),0,716602012,4,2012-09-29,UQ,회생절차개시신청,상장폐지,"['최종부도 발생', '최종부도 발생']"
22940,에스엠로보틱스(주),0,2529402018,4,2018-04-25,DU,0,0,['N']
23006,에스지에이시스템즈(주),1,2322902017,4,2017-12-22,UQ,0,0,['N']
23051,에스케이브로드밴드(주),0,336302015,4,2015-07-01,UQ,0,상장폐지,"[""상장폐지신청('15.""]"
23071,에스케이씨솔믹스(주),1,575002020,4,2020-12-23,UQ,0,0,['N']
23087,에스케이커뮤니케이션즈(주),1,662702016,4,2017-02-27,UQ,0,0,['N']
23160,에이스하이텍(주),0,719302015,4,2015-07-10,DS,파산신청,상장폐지,['감사의견거절(감사범위 제한)']
23456,엔빅스(주),0,541702011,4,2011-04-29,DS,0,상장폐지,['감사의견거절(감사범위 제한)']
23475,엔써커뮤니티(주),0,377502004,4,2004-04-13,DU,0,상장폐지,"[""감사의견거절(취소사유발생일 : '04.3.29)""]"
23483,엔에이치엔(주),1,354202008,4,2008-11-28,UQ,0,상장폐지,['유가증권시장 상장']
23512,엔토리노(주),0,325902008,4,2008-04-12,QU,0,상장폐지,['자본전액잠식']
23523,엔하이테크(주),1,467202011,4,2012-02-01,UQ,0,0,['N']
23551,엘지마이크론(주),1,169902009,4,2009-07-16,UQ,0,상장폐지(피흡수합병),['피흡수합병']
23594,엠넷미디어(주),1,562002011,4,2011-03-22,UQ,0,상장폐지,['씨제이이앤엠(주)에 피흡수합병']
23598,엠바이엔(주),0,319702004,4,2004-04-07,DU,0,상장폐지,['감사의견거절(취소사유발생일:2004년 3월 22일)']
23608,엠씨티티코어(주),1,522102010,4,2010-12-04,UQ,0,[정정]상장폐지,"['2010-10-19', '2010-10-19', '기업의 계속성, 경영의 투명성 또는 기타 코스닥시장의 건전성 등을 종합적으로 고려하여 상장폐지 기준에 해당한다고 결정']"
23638,엠텍반도체(주),0,544402007,4,2007-04-13,AG,0,상장폐지,['자본전액잠식']
23652,엠텍비젼(주),0,740002014,4,2014-03-27,UQ,[정정]내부결산시점 관리종목 지정 또는 상장폐지 사유 발생,[정정]상장폐지,"['최근 5사업연도 연속 영업손실 발생 등', '최근 5사업연도 연속 영업손실 발생 등', '최근 5사업연도 연속 영업손실 발생 등', '최근 5사업연도 연속 영업손실 발생 등']"
23826,오페스(주),0,534702010,4,2010-05-08,DS,0,상장폐지,['감사범위제한으로 인한 감사의견 거절']
23949,우경(주),0,259202013,4,2013-07-10,DS,내부결산시점 관리종목 지정 또는 상장폐지 사유 발생,상장폐지,['감사의견거절(감사범위 제한)']
24093,우수씨엔에스(주),0,605502009,4,2009-04-11,DU,0,상장폐지,['자본전액잠식']
24104,우양에이치씨(주),0,1019702014,4,2015-03-17,UQ,부도발생,0,['N']
24160,울트라건설(주),0,43202015,4,2015-04-13,DU,0,상장폐지,['자본전액잠식']
24161,웅진코웨이(주),1,212402001,4,2001-08-07,UQ,0,상장폐지,['증권거래소 상장']
24302,유씨아이콜스(주),0,658102008,4,2008-04-17,DU,0,상장폐지,"['자본전액잠식, 2회연속 자본잠식률 50%이상, 2회연속 자기자본 10억원 미만']"
24371,유진종합개발(주),1,234202005,4,2005-12-31,UQ,0,상장폐지,['피흡수합병']
24410,이디디컴퍼니(주),0,526502013,4,2013-04-12,QU,내부결산시점 관리종목 지정 또는 상장폐지 사유 발생,상장폐지,['반기 재무제표에 대한 검토의견거절로 관리종목 지정후 자본잠식률 50% 이상']
24417,이레전자산업(주),0,453102007,4,2007-05-08,UQ,0,상장폐지,['자본전액잠식']
24428,이수세라믹(주),0,321802005,4,2005-05-25,UQ,0,상장폐지,['상장폐지신청(2005.04.28)']
24444,이엘케이(주),0,941902020,4,2020-05-22,DU,내부결산시점 관리종목 지정 또는 상장폐지 사유 발생,상장폐지,['감사의견 거절(감사범위 제한 및 계속기업 존속능력에 대한 불확실성)']
24736,잘만테크(주),0,901202015,4,2015-05-13,DU,회생절차개시신청,상장폐지,['감사의견 거절(계속기업 존속능력에 대한 불확실성 및 감사범위 제한)']
24795,제넥셀세인(주),0,346602010,4,2010-04-15,DU,0,상장폐지,['감사범위제한으로 인한 감사의견 거절']
24896,제이앤유글로벌,1,862002016,4,2016-05-09,DS,0,[정정]상장폐지,"['2016-04-22', '감사의견거절(감사범위 제한)']"
24906,제이에스(주),0,371102010,4,2010-05-01,DS,0,[정정]상장폐지,"['감사의견거절(감사범위제한)', '감사의견거절(감사범위제한)']"
25307,케이엔에스홀딩스(주),0,367602009,4,2009-04-23,DS,0,상장폐지(감사의견거절 등),"['감사의견거절(감사범위제한), 법정제출기한까지 사업보고서를 제출하지 아니한 후 법정제출기한의 다음날부터 10일 이내에 사업보고서 미제출  ']"
25316,케이엠에스(주),0,388302009,4,2009-08-08,UQ,0,[정정]상장폐지(상장폐지 결정등 효력정지 가처분신청에 대한 기각 결정),"['-', '2009-07-10', '기업의 계속성, 경영의 투명성 또는 기타 코스닥시장의 건전성 등을 종합적으로 고려하여 상장폐지가 필요하다고 인정']"
25330,케이이엔지(주),0,779602009,4,2009-04-29,DU,0,상장폐지,['감사의견거절(감사범위제한)']
25419,코디콤(주),1,418002009,4,2010-03-09,UQ,0,0,['N']
25434,코리아이앤디(주),0,274402004,4,2004-04-14,DS,0,상장폐지,['감사의견거절(취소사유발생일 : 2004년 3월 29일) ']
25439,코리언일랙트로닉스파워소스(주),0,468102005,4,2005-04-30,UQ,0,상장폐지,['경상손실 및 시가총액 50억원 미달 2회 연속(상장폐지사유 발생일 : 2005년 4월 15일)']
25445,코스맥스(주),1,448202006,4,2006-11-13,UQ,0,상장폐지,['유가증권시장 상장']
25493,코오롱아이넷(주),1,225202011,4,2011-07-19,UQ,0,상장폐지(유가증권시장 상장),['유가증권시장 상장']
25637,태경화학(주),1,68902002,4,2003-01-28,UQ,0,0,['N']
25651,태산엘시디(주),0,362102014,4,2014-04-11,DU,내부결산시점 관리종목 지정 또는 상장폐지 사유 발생,상장폐지,"['자본전액잠식등', '자본전액잠식등']"
25710,테스텍(주),0,485102010,4,2010-11-10,UQ,0,상장폐지,['최근 사업연도말 기준으로 자본잠식률 100분의 50 이상 및 자기자본 10억원 미만의 사유로 관리종목으로 지정된 후 최근 반기말 외부감사인의 감사보고서상 계속기업 존속능력에 대한 불확실성으로 인한 의견거절 발생']
25714,텔슨전자(주),0,273502004,4,2004-08-10,UQ,0,상장폐지,['최종부도(취소사유발생일: 2004년 7월 26일)']
25719,텔슨정보통신(주),0,181802005,4,2005-04-07,DU,0,상장폐지,['감사의견거절(상장폐지사유 발생일 : 2005년 03월 22일)']
25730,토자이홀딩스(주),0,377002011,4,2011-10-12,QU,0,상장폐지,['기업의 계속성 및 경영의 투명성 등을 종합적으로 고려하여 상장폐지 기준에 해당한다고 결정']
25739,티이씨(주),1,679502009,4,2010-02-20,UQ,0,0,['N']
25830,평안물산(주),0,372402011,4,2012-06-01,UQ,내부결산시점 관리종목 지정 또는 상장폐지 사유 발생,0,['N']
25859,퓨쳐비젼(주),0,425702008,4,2008-04-12,AG,0,상장폐지,['자본전액잠식']
25876,플래닛팔이(주),0,573302008,4,2008-04-23,DU,0,상장폐지,['최근 3사업연도 연속 자기자본 대비 50% 초과 법인세']
25969,필룩스,1,331802001,4,2001-12-26,UQ,0,0,['N']
26133,한국유나이티드제약(주),1,332702008,4,2007-10-23,UQ,0,0,['N']
26293,한국콜마(주),1,247202002,4,2002-04-09,UQ,0,상장폐지,['증권거래소 상장']
26300,한국통신데이타(주),0,457602008,4,2008-06-13,DS,0,상장폐지,['감사의견거절(감사범위제한)']
26301,한국통신엠닷컴(주),1,307002001,4,2001-05-21,UQ,0,상장폐지,['피흡수합병']
26320,한빛전자통신(주),0,445702002,4,2002-06-06,NS,0,상장폐지승인,['감사의견거절 및 법정제출기한 익일로부터 30일이내에 사업보고서 미제출']
26329,한서제약(주),1,440702009,4,2009-08-25,UQ,0,상장폐지(피흡수합병),['피흡수합병']
26341,한솔신텍(주),0,996602018,4,2018-07-09,UQ,0,상장폐지,['발행한 어음 또는 수표가 주거래은행에 의하여 최종부도로 결정되거나 거래은행에 의한 거래정지']
26516,한주금속(주),1,1989402016,4,2017-02-21,UQ,0,0,['N']
26581,해원에스티(주),0,584802010,4,2010-05-08,DS,0,상장폐지,['감사범위제한으로 인한 감사의견거절']
26663,현대정보기술(주),1,261802019,4,2019-07-17,UQ,0,상장폐지(피흡수합병),['피흡수합병']
26688,현주컴퓨터(주),0,389602005,4,2005-05-11,UQ,0,상장폐지,['최종부도(상장폐지사유 발생일 : 2005년 04월 25일)']
26775,후야인포넷(주),0,320502005,4,2005-04-26,UQ,0,상장폐지,"['자본전액잠식(상장폐지사유 발생일 : 2005년 04월 11일)', '감사의견거절(상장폐지사유 발생일 : 2005년 03월 21일)']"
