회사명,거래소코드,회계년도,소속코드,감사의견코드,정기공시제목,수시공시제목,폐지사유요약,공시발생일,부도
(주)강원랜드,35250.0,2002/12,4.0,UQ,0,상장폐지,증권거래소 상장,2003-09-02 16:14,1.0
(주)경윤하이드로에너지,19120.0,2010/12,4.0,UQ,0,상장폐지,기업의 계속성 및 경영의 투명성 등을 종합적으로 고려하여 상장폐지 기준에 해당한다고 결정,2011-03-24 18:01,1.0
(주)골드카운티,58900.0,2009/12,4.0,UQ,0,상장폐지,"기업의 계속성, 경영의 투명성 또는 기타 코스닥시장의 건전성 등을 종합적으로 고려하여 상장폐지 기준에 해당한다고 결정",2010-09-29 17:59,1.0
(주)굿이엠지,51530.0,2008/12,4.0,UQ,0,상장폐지,주된 영업의 정지에 의한 상장폐지기준 해당,2009-10-21 18:09,1.0
(주)그로웰텔레콤,35780.0,2003/12,4.0,UQ,0,상장폐지,액면가액일정비율미만(취소사유발생일 : 2004년 12월 24일),2004-12-27 17:05,1.0
(주)나노하이텍,71360.0,2008/12,4.0,DU,0,상장폐지,감사의견거절(감사범위제한),2009-04-16 18:37,0.0
(주)나리지*온,36850.0,2009/12,4.0,UQ,회생절차 종결신청,상장폐지(피흡수합병),피흡수합병,2010-07-13 17:59,1.0
(주)남성알미늄,33220.0,2004/12,4.0,UQ,0,상장폐지,주식분산기준 미달 2년 연속,2005-04-15 19:52,1.0
(주)네오리소스,58550.0,2008/12,4.0,UQ,0,[정정]상장폐지,"",2009-09-10 14:17,1.0
(주)네오리소스,58550.0,2008/12,4.0,UQ,0,[정정]상장폐지,2009-07-23,2009-07-28 18:59,1.0
(주)네오리소스,58550.0,2008/12,4.0,UQ,0,상장폐지,"기업의 계속성, 경영의 투명성 또는 기타 코스닥시장의 건전성 등을 종합적으로 고려하여 상장폐지가 필요하다고 인정",2009-07-23 15:40,1.0
(주)네오리소스,58550.0,2008/12,4.0,UQ,0,상장폐지,"기업의 계속성, 경영의 투명성 또는 기타 코스닥시장의 건전성 등을 종합적으로 고려하여 상장폐지가 필요하다고 인정",2009-06-04 18:03,1.0
(주)네오리진,94860.0,2014/12,5.0,UQ,0,신주인수권증권 상장폐지(기초주권의 관리종목지정),코스닥시장 상장규정 제44조의2 및 제47조,2015-03-05 18:21,1.0
(주)네오퍼플,28090.0,2012/12,4.0,DS,0,상장폐지,감사의견거절(감사범위 제한 및 계속기업으로서의 존속능력에 대한 불확실성),2013-04-18 20:07,0.0
(주)네이쳐글로벌,88020.0,2009/12,4.0,UQ,0,상장폐지,"기업의 계속성, 경영의 투명성 또는 기타 코스닥시장의 건전성 등을 종합적으로 고려하여 상장폐지 기준에 해당한다고 결정",2010-12-27 17:44,1.0
(주)네프로아이티,950030.0,2010/03,4.0,UQ,0,상장폐지,기업의 계속성 및 경영의 투명성 등을 종합적으로 고려하여 상장폐지 기준에 해당한다고 결정,2011-10-25 19:15,1.0
(주)넥스지,81970.0,2017/12,4.0,DS,0,상장폐지,감사의견거절(감사범위제한),2018-09-27 08:32,0.0
(주)넷웨이브,47730.0,2011/12,4.0,UQ,0,상장폐지,기업의 계속성 및 경영의 투명성 등을 종합적으로 고려하여 상장폐지 기준에 해당한다고 결정,2012-11-06 19:22,1.0
(주)넷컴스토리지,37010.0,2003/12,4.0,DU,0,상장폐지,감사의견거절(취소사유발생일 : 2004년 3월 23일)   ,2004-03-24 18:57,0.0
(주)뉴씨앤씨,45240.0,2002/12,4.0,UQ,0,상장폐지,감사의견거절(취소사유발생일:2003년 3월 20일),2003-03-21 15:56,1.0
(주)뉴젠비아이티,54650.0,2008/12,4.0,UQ,0,상장폐지,반기보고서 법정제출기한 익일부터 10일이내 반기검토(감사)보고서 미제출,2009-08-24 19:31,1.0
(주)뉴젠아이씨티,54150.0,2010/12,4.0,DS,0,상장폐지,감사의견거절(감사범위제한),2011-04-18 18:36,0.0
(주)뉴켐진스템셀,36280.0,2008/12,4.0,UQ,0,상장폐지,"기업의 계속성, 경영의 투명성 또는 기타 코스닥시장의 건전성 등을 종합적으로 고려하여 상장폐지가 필요하다고 인정",2009-04-10 17:45,1.0
(주)다산씨앤드아이,37200.0,2002/06,4.0,UQ,0,상장폐지,최종부도 및 은행거래정지,2003-06-05 15:03,1.0
(주)다휘,55250.0,2009/12,4.0,UQ,0,상장폐지,"기업의 계속성, 경영의 투명성 또는 기타 코스닥시장의 건전성 등을 종합적으로 고려하여 상장폐지 기준에 해당한다고 결정",2010-09-15 18:03,1.0
(주)단성일렉트론,85990.0,2009/12,4.0,DS,회생절차개시신청,상장폐지,감사의견거절(감사범위제한),2010-04-26 19:20,0.0
(주)대국,42340.0,2011/12,4.0,DU,0,상장폐지,최근3사업연도중2사업연도자기자본 50%초과법인세비용차감전손실발생,2012-03-30 22:44,0.0
(주)대백쇼핑,27700.0,2003/12,4.0,UQ,0,상장폐지,액면가액일정비율(30%)미달로 인한 관리종목지정후,2004-06-07 18:51,1.0
(주)대양글로벌,40180.0,2010/12,4.0,DS,0,[정정]상장폐지(정리매매 재개),2011-04-20,2011-10-13 17:56,0.0
(주)대양글로벌,40180.0,2010/12,4.0,DS,0,[정정]상장폐지(정리매매 일정변경),2011-04-18,2011-04-20 19:37,0.0
(주)대양글로벌,40180.0,2010/12,4.0,DS,0,상장폐지,감사의견거절(감사범위 제한),2011-04-18 18:43,0.0
(주)대한바이오링크,41500.0,2005/12,4.0,QG,0,상장폐지,2사업연도 연속 매출액 30억원 미달(상장폐지사유일 : 2006년 04월 10일),2006-04-12 18:12,1.0
(주)더에이치큐,192410.0,2017/12,5.0,DS,0,[정정]상장폐지(상장폐지결정등 효력정지 가처분 인용에 따른 일정 정정),2018-09-27,2018-10-05 20:43,1.0
(주)더에이치큐,192410.0,2017/12,5.0,DS,0,상장폐지,감사의견 거절(감사범위 제한),2018-09-27 08:33,1.0
(주)더존디지털웨어,45380.0,2008/12,4.0,UQ,0,상장폐지(피흡수합병),피흡수합병,2009-12-04 15:36,1.0
(주)더체인지,54120.0,2010/12,4.0,UQ,0,상장폐지(피흡수합병),피흡수합병,2011-12-12 16:50,1.0
(주)데코,13650.0,2009/12,4.0,UQ,0,상장폐지(피흡수합병),피흡수합병,2010-10-14 15:38,1.0
(주)데코앤이,17680.0,2018/12,4.0,DS,0,상장폐지,발행한 어음 또는 수표가 주거래은행에 의하여 최종부도로 결정되거나 거래은행에 의한 거래정지,2019-11-07 17:37,0.0
(주)도움,78610.0,2008/12,4.0,DU,0,상장폐지,자본전액잠식,2009-04-01 11:40,0.0
(주)동방라이텍,25690.0,2004/12,4.0,DU,0,상장폐지,감사의견거절(상장폐지사유 발생일 : 2005년 02월 24일),2005-02-25 18:30,0.0
(주)동서,26960.0,2015/12,4.0,UQ,0,상장폐지(유가증권시장 상장),유가증권시장 상장,2016-07-12 15:16,1.0
(주)동서정보기술,55000.0,2003/12,4.0,DS,0,상장폐지,감사의견거절(취소사유발생일 : 2004년 3월 19일),2004-03-22 19:59,0.0
(주)동성하이켐,13450.0,2014/12,4.0,UQ,0,상장폐지(피흡수합병),피흡수합병,2015-07-15 17:08,1.0
(주)두림티앤씨,33330.0,2007/12,4.0,DS,0,상장폐지,감사의견거절(감사범위제한),2008-04-22 19:13,0.0
(주)디보스,80140.0,2008/12,4.0,UQ,회생절차 폐지결정,[정정]상장폐지,2009-10-21,2009-10-23 11:34,0.0
(주)디보스,80140.0,2008/12,4.0,UQ,회생절차 폐지결정,[정정]상장폐지,2009-10-01,2009-10-21 18:28,0.0
(주)디보스,80140.0,2008/12,4.0,UQ,회생절차 폐지결정,[정정]상장폐지(정리매매 일정변경),2009-09-23,2009-10-01 17:51,0.0
(주)디보스,80140.0,2008/12,4.0,UQ,회생절차 폐지결정,상장폐지,자본잠식률 50%이상사유로 관리종목지정후 반기 감사의견 부적정,2009-09-23 17:57,0.0
(주)디보스,80140.0,2008/12,4.0,UQ,회생절차 폐지결정,[정정]상장폐지,2009-10-21,2009-10-23 11:34,0.0
(주)디보스,80140.0,2008/12,4.0,UQ,회생절차 폐지결정,[정정]상장폐지,2009-10-01,2009-10-21 18:28,0.0
(주)디보스,80140.0,2008/12,4.0,UQ,회생절차 폐지결정,[정정]상장폐지(정리매매 일정변경),2009-09-23,2009-10-01 17:51,0.0
(주)디보스,80140.0,2008/12,4.0,UQ,회생절차 폐지결정,상장폐지,자본잠식률 50%이상사유로 관리종목지정후 반기 감사의견 부적정,2009-09-23 17:57,0.0
(주)디보스,80140.0,2008/12,4.0,UQ,회생절차 폐지결정,[정정]상장폐지,2009-10-21,2009-10-23 11:34,0.0
(주)디보스,80140.0,2008/12,4.0,UQ,회생절차 폐지결정,[정정]상장폐지,2009-10-01,2009-10-21 18:28,0.0
(주)디보스,80140.0,2008/12,4.0,UQ,회생절차 폐지결정,[정정]상장폐지(정리매매 일정변경),2009-09-23,2009-10-01 17:51,0.0
(주)디보스,80140.0,2008/12,4.0,UQ,회생절차 폐지결정,상장폐지,자본잠식률 50%이상사유로 관리종목지정후 반기 감사의견 부적정,2009-09-23 17:57,0.0
(주)디보스,80140.0,2008/12,4.0,UQ,회생절차 폐지결정,[정정]상장폐지,2009-10-21,2009-10-23 11:34,0.0
(주)디보스,80140.0,2008/12,4.0,UQ,회생절차 폐지결정,[정정]상장폐지,2009-10-01,2009-10-21 18:28,0.0
(주)디보스,80140.0,2008/12,4.0,UQ,회생절차 폐지결정,[정정]상장폐지(정리매매 일정변경),2009-09-23,2009-10-01 17:51,0.0
(주)디보스,80140.0,2008/12,4.0,UQ,회생절차 폐지결정,상장폐지,자본잠식률 50%이상사유로 관리종목지정후 반기 감사의견 부적정,2009-09-23 17:57,0.0
(주)디보스,80140.0,2008/12,4.0,UQ,회생절차 폐지결정,[정정]상장폐지,2009-10-21,2009-10-23 11:34,0.0
(주)디보스,80140.0,2008/12,4.0,UQ,회생절차 폐지결정,[정정]상장폐지,2009-10-01,2009-10-21 18:28,0.0
(주)디보스,80140.0,2008/12,4.0,UQ,회생절차 폐지결정,[정정]상장폐지(정리매매 일정변경),2009-09-23,2009-10-01 17:51,0.0
(주)디보스,80140.0,2008/12,4.0,UQ,회생절차 폐지결정,상장폐지,자본잠식률 50%이상사유로 관리종목지정후 반기 감사의견 부적정,2009-09-23 17:57,0.0
(주)디씨씨,34750.0,2007/12,4.0,UQ,0,상장폐지,2분기 연속 거래실적부진사유 미해소,2008-07-02 07:39,1.0
(주)디아이디,74130.0,2014/12,4.0,UQ,회생절차개시신청,상장폐지,"기업의 계속성, 경영의 투명성 또는 그 밖에 코스닥시장의 건전성 등을 종합적으로 고려하여 상장폐지 기준에 해당한다고 결정",2015-07-10 18:09,0.0
(주)디아이디,74130.0,2014/12,4.0,UQ,[정정]회생절차 개시신청 기각,상장폐지,"기업의 계속성, 경영의 투명성 또는 그 밖에 코스닥시장의 건전성 등을 종합적으로 고려하여 상장폐지 기준에 해당한다고 결정",2015-07-10 18:09,0.0
(주)디아이디,74130.0,2014/12,4.0,UQ,회생절차 개시신청 기각[정],상장폐지,"기업의 계속성, 경영의 투명성 또는 그 밖에 코스닥시장의 건전성 등을 종합적으로 고려하여 상장폐지 기준에 해당한다고 결정",2015-07-10 18:09,0.0
(주)디아이디,74130.0,2014/12,4.0,UQ,파산신청,상장폐지,"기업의 계속성, 경영의 투명성 또는 그 밖에 코스닥시장의 건전성 등을 종합적으로 고려하여 상장폐지 기준에 해당한다고 결정",2015-07-10 18:09,0.0
(주)디아이디,74130.0,2014/12,4.0,UQ,회생절차개시신청,상장폐지,"기업의 계속성, 경영의 투명성 또는 그 밖에 코스닥시장의 건전성 등을 종합적으로 고려하여 상장폐지 기준에 해당한다고 결정",2015-07-10 18:09,0.0
(주)디앤샵,90090.0,2010/12,4.0,UQ,0,상장폐지(피흡수합병),피흡수합병,2011-12-14 10:41,1.0
(주)디에스,51710.0,2012/12,4.0,DU,0,상장폐지,감사의견거절(감사범위 제한 및 계속기업으로서의 존속능력에 대한 불확실성),2013-04-18 20:04,0.0
(주)디에스피이엔티,16040.0,2008/12,4.0,DU,회생절차개시결정,상장폐지,자본전액잠식,2009-04-01 11:45,0.0
(주)디에이치패션,45260.0,2011/12,4.0,UQ,0,상장폐지,"기업의 계속성, 경영의 투명성 또는 기타 코스닥시장의 건전성 등을 종합적으로 고려하여 상장폐지가 필요하다고 인정",2012-07-19 17:40,1.0
(주)디지텔,37740.0,2001/12,4.0,UQ,0,상장폐지승인,최종부도 및 은행거래정지,2002-05-29 17:43,1.0
(주)디패션,30420.0,2010/12,4.0,AG,0,상장폐지,감사의견 부적정,2011-04-25 18:08,0.0
(주)레이더스컴퍼니,47420.0,2005/03,4.0,UQ,0,상장폐지,감사의견 범위제한 의견거절,2006-06-29 16:04,1.0
(주)렉스엘이앤지,4790.0,2013/12,4.0,DU,0,상장폐지,"기업의 계속성, 경영의 투명성 또는 기타 코스닥시장의 건전성 등을 종합적으로 고려하여 상장폐지가 필요하다고 인정",2014-02-19 19:25,0.0
(주)룩손에너지홀딩스,33550.0,2012/12,4.0,DU,0,상장폐지,감사의견거절(감사범위 제한 및 계속기업으로서의 존속능력에 대한 불확실성),2013-04-23 20:02,0.0
(주)룩손에너지홀딩스,33550.0,2012/12,4.0,DU,0,신주인수권증권 상장폐지(기초주권의 관리종목지정),코스닥시장 상장규정 제44조의2 및 제47조,2013-03-25 19:14,0.0
(주)리더컴,56140.0,2003/12,4.0,DU,0,상장폐지((주)리더컴),감사의견거절(취소사유발생일 : 2004년 3월 15일),2004-03-16 20:02,0.0
(주)리드,197210.0,2019/12,6.0,DU,[정정]내부결산시점 관리종목 지정 또는 상장폐지 사유 발생,[정정]상장폐지,2020-03-30,2020-04-28 18:07,1.0
(주)리드,197210.0,2019/12,6.0,DU,[정정]내부결산시점 관리종목 지정 또는 상장폐지 사유 발생,[정정]상장폐지,2020-03-30,2020-04-01 07:44,1.0
(주)리드,197210.0,2019/12,6.0,DU,[정정]내부결산시점 관리종목 지정 또는 상장폐지 사유 발생,상장폐지,기업의 계속성 및 경영의 투명성 등을 종합적으로 고려하여 상장폐지기준에 해당한다고 결정,2020-03-30 20:45,1.0
(주)리드,197210.0,2019/12,6.0,DU,[정정]내부결산시점 관리종목 지정 또는 상장폐지 사유 발생[정],[정정]상장폐지,2020-03-30,2020-04-28 18:07,1.0
(주)리드,197210.0,2019/12,6.0,DU,[정정]내부결산시점 관리종목 지정 또는 상장폐지 사유 발생[정],[정정]상장폐지,2020-03-30,2020-04-01 07:44,1.0
(주)리드,197210.0,2019/12,6.0,DU,[정정]내부결산시점 관리종목 지정 또는 상장폐지 사유 발생[정],상장폐지,기업의 계속성 및 경영의 투명성 등을 종합적으로 고려하여 상장폐지기준에 해당한다고 결정,2020-03-30 20:45,1.0
(주)리드,197210.0,2019/12,6.0,DU,[정정]내부결산시점 관리종목 지정 또는 상장폐지 사유 발생[정],[정정]상장폐지,2020-03-30,2020-04-28 18:07,1.0
(주)리드,197210.0,2019/12,6.0,DU,[정정]내부결산시점 관리종목 지정 또는 상장폐지 사유 발생[정],[정정]상장폐지,2020-03-30,2020-04-01 07:44,1.0
(주)리드,197210.0,2019/12,6.0,DU,[정정]내부결산시점 관리종목 지정 또는 상장폐지 사유 발생[정],상장폐지,기업의 계속성 및 경영의 투명성 등을 종합적으로 고려하여 상장폐지기준에 해당한다고 결정,2020-03-30 20:45,1.0
(주)리드,197210.0,2019/12,6.0,DU,내부결산시점 관리종목 지정 또는 상장폐지 사유 발생[정],[정정]상장폐지,2020-03-30,2020-04-28 18:07,1.0
(주)리드,197210.0,2019/12,6.0,DU,내부결산시점 관리종목 지정 또는 상장폐지 사유 발생[정],[정정]상장폐지,2020-03-30,2020-04-01 07:44,1.0
(주)리드,197210.0,2019/12,6.0,DU,내부결산시점 관리종목 지정 또는 상장폐지 사유 발생[정],상장폐지,기업의 계속성 및 경영의 투명성 등을 종합적으로 고려하여 상장폐지기준에 해당한다고 결정,2020-03-30 20:45,1.0
(주)마니커,27740.0,2001/12,4.0,UQ,0,상장폐지,한국증권거래소 상장,2002-10-25 16:19,1.0
(주)마이스코,88700.0,2012/12,4.0,DU,회생절차개시결정,상장폐지,감사의견거절(계속기업으로서의 존속능력에 대한 불확실성),2013-04-22 19:07,0.0
(주)마이스코,88700.0,2012/12,4.0,DU,회생절차개시결정,신주인수권증권 상장폐지(기초주권의 관리종목지정),코스닥시장 상장규정 제44조의2 및 제47조,2013-03-15 18:49,0.0
(주)마이스코,88700.0,2012/12,4.0,DU,회생절차개시신청,상장폐지,감사의견거절(계속기업으로서의 존속능력에 대한 불확실성),2013-04-22 19:07,0.0
(주)마이스코,88700.0,2012/12,4.0,DU,회생절차개시신청,신주인수권증권 상장폐지(기초주권의 관리종목지정),코스닥시장 상장규정 제44조의2 및 제47조,2013-03-15 18:49,0.0
(주)마이스코,88700.0,2012/12,4.0,DU,내부결산시점 관리종목 지정 또는 상장폐지 사유 발생,상장폐지,감사의견거절(계속기업으로서의 존속능력에 대한 불확실성),2013-04-22 19:07,0.0
(주)마이스코,88700.0,2012/12,4.0,DU,내부결산시점 관리종목 지정 또는 상장폐지 사유 발생,신주인수권증권 상장폐지(기초주권의 관리종목지정),코스닥시장 상장규정 제44조의2 및 제47조,2013-03-15 18:49,0.0
(주)마인에스에이,39500.0,2001/08,4.0,UQ,0,상장폐지,피흡수합병,2002-03-13 17:49,1.0
(주)맥스브로,88810.0,2010/12,4.0,DU,0,상장폐지,감사의견거절(감사범위 제한 및 계속기업으로서의 존속능력에 대한 불확실성),2011-04-18 18:35,0.0
(주)맥시스템,36880.0,2004/12,4.0,DU,0,상장폐지,감사의견거절(상장폐지사유 발생일 : 2005년 03월 16일),2005-03-18 16:19,0.0
(주)메디콕스,54180.0,2005/12,5.0,QU,파산신청 기각,상장폐지,감사범위제한으로 인한 한정의견(상장폐지사유 발생일 : 2006년 03월 22일),2006-03-24 19:35,1.0
(주)메카포럼,35830.0,2009/12,4.0,UQ,0,상장폐지,"기업의 계속성, 경영의 투명성 또는 기타 코스닥시장의 건전성 등을 종합적으로 고려하여 상장폐지 기준에 해당한다고 결정",2010-07-05 17:43,1.0
(주)모다,149940.0,2017/12,4.0,DS,0,[정정]상장폐지(상장폐지결정등 효력정지가처분신청 인용에 따른 일정 정정 ),2018-09-27,2018-10-08 18:56,0.0
(주)모다,149940.0,2017/12,4.0,DS,0,상장폐지,감사의견거절(감사범위 제한),2018-09-27 08:39,0.0
(주)모다,149940.0,2018/12,4.0,DU,0,[정정]상장폐지,2019-08-28,2019-08-28 19:10,0.0
(주)모다,149940.0,2018/12,4.0,DU,0,[정정]상장폐지,2018-10-08,2019-08-27 18:13,0.0
(주)모다,149940.0,2019/12,4.0,DU,0,[정정]상장폐지(상장폐지결정 등 효력정지 가처분 결정 취소(대법원)),2019-08-28,2020-07-06 18:05,0.0
(주)모닷텔,48150.0,2003/12,4.0,UQ,0,상장폐지,최종부도(취소사유발생일 : 2004년 4월 13일) ,2004-04-14 19:45,1.0
(주)모델라인,64720.0,2007/12,4.0,UQ,0,상장폐지,"자본전액잠식,최근3사업연도 연속 ",2008-04-01 12:48,1.0
(주)모디아,46000.0,2003/12,4.0,AG,0,상장폐지,감사의견부적정(취소사유발생일 : 2004년 3월 27일) ,2004-03-30 19:35,0.0
(주)모라리소스,18890.0,2009/12,4.0,UQ,0,[정정]상장폐지,2010-05-28,2010-07-09 17:51,1.0
(주)모라리소스,18890.0,2009/12,4.0,UQ,0,상장폐지,"기업의 계속성, 경영의 투명성 또는 기타 코스닥시장의  건전성 등을 종합적으로 고려하여 상장폐지 기준에 해당한다고 결정",2010-05-28 18:22,1.0
(주)모린스,110310.0,2013/12,4.0,DU,회생절차개시신청,상장폐지,자본전액잠식 등,2014-03-31 22:21,0.0
(주)모린스,110310.0,2013/12,4.0,DU,내부결산시점 관리종목 지정 또는 상장폐지 사유 발생,상장폐지,자본전액잠식 등,2014-03-31 22:21,0.0
(주)모보,51810.0,2009/12,4.0,UQ,0,상장폐지,최근 3사업연도 연속 자기자본 50%초과 법인세비용차감전 계속사업손실 등,2010-03-31 21:18,1.0
(주)모빌탑,85680.0,2008/12,4.0,UQ,0,상장폐지,"기업의 계속성, 경영의 투명성 또는 기타 코스닥시장의 건전성 등을 종합적으로 고려하여 상장폐지가 필요하다고 인정",2009-11-12 16:14,1.0
(주)모젬,79560.0,2009/12,4.0,UQ,0,상장폐지,최근 3사업연도 연속 자기자본 대비 50% 초과 법인세 비용차감전계속사업손실 발생,2010-03-31 21:26,1.0
(주)무학,33920.0,2009/12,4.0,UQ,0,상장폐지(유가증권시장 상장),유가증권시장 상장,2010-07-15 16:41,1.0
(주)미디어코프,53890.0,2008/12,4.0,DU,0,상장폐지((주)미디어코프 주권 상장폐지),자본전액잠식,2009-04-01 11:48,0.0
(주)미성포리테크,94700.0,2010/12,4.0,UQ,회생절차개시결정,신주인수권증권 상장폐지,코스닥시장상장규정 제44조의2 및 제47조,2011-11-30 18:26,0.0
(주)미성포리테크,94700.0,2010/12,4.0,UQ,회생절차개시신청,신주인수권증권 상장폐지,코스닥시장상장규정 제44조의2 및 제47조,2011-11-30 18:26,0.0
(주)미성포리테크,94700.0,2011/12,4.0,DU,회생절차개시신청,상장폐지,자본전액잠식,2012-03-30 22:42,0.0
(주)바른손,18700.0,2014/03,5.0,UQ,0,신주인수권증권 상장폐지(기초주권의 관리종목지정),코스닥시장 상장규정 제44조의2 및 제47조,2015-06-19 18:43,1.0
(주)바이나믹,67850.0,2009/12,4.0,UQ,0,상장폐지,당해 코스닥시장상장법인의 계속성 및 경영의 투명성 등을 종합적으로 고려한 결과 상장폐지기준에 해당한다고 결정,2010-05-06 18:51,1.0
(주)바이오빌,65940.0,2019/12,4.0,DU,회생절차개시결정,[정정]상장폐지,2020-07-20,2020-07-20 16:04,0.0
(주)바이오빌,65940.0,2019/12,4.0,DU,회생절차개시결정,[정정]상장폐지,2020-05-12,2020-05-12 17:53,0.0
(주)바이오빌,65940.0,2019/12,4.0,DU,회생절차개시결정,상장폐지,감사의견 거절(감사범위 제한 및 계속기업 존속능력에 대한 불확실성),2020-05-11 19:15,0.0
(주)바이오빌,65940.0,2019/12,4.0,DU,[정정]회생절차개시신청,[정정]상장폐지,2020-07-20,2020-07-20 16:04,0.0
(주)바이오빌,65940.0,2019/12,4.0,DU,[정정]회생절차개시신청,[정정]상장폐지,2020-05-12,2020-05-12 17:53,0.0
(주)바이오빌,65940.0,2019/12,4.0,DU,[정정]회생절차개시신청,상장폐지,감사의견 거절(감사범위 제한 및 계속기업 존속능력에 대한 불확실성),2020-05-11 19:15,0.0
(주)바이오빌,65940.0,2019/12,4.0,DU,회생절차개시신청[정],[정정]상장폐지,2020-07-20,2020-07-20 16:04,0.0
(주)바이오빌,65940.0,2019/12,4.0,DU,회생절차개시신청[정],[정정]상장폐지,2020-05-12,2020-05-12 17:53,0.0
(주)바이오빌,65940.0,2019/12,4.0,DU,회생절차개시신청[정],상장폐지,감사의견 거절(감사범위 제한 및 계속기업 존속능력에 대한 불확실성),2020-05-11 19:15,0.0
(주)바이오빌,65940.0,2019/12,4.0,DU,회생절차 폐지결정,[정정]상장폐지,2020-07-20,2020-07-20 16:04,0.0
(주)바이오빌,65940.0,2019/12,4.0,DU,회생절차 폐지결정,[정정]상장폐지,2020-05-12,2020-05-12 17:53,0.0
(주)바이오빌,65940.0,2019/12,4.0,DU,회생절차 폐지결정,상장폐지,감사의견 거절(감사범위 제한 및 계속기업 존속능력에 대한 불확실성),2020-05-11 19:15,0.0
(주)바이오시스,35960.0,2003/12,4.0,DU,0,상장폐지,감사의견거절(취소사유발생일:2004년 3월 22일)     ,2004-03-23 19:03,0.0
(주)범양사,2480.0,2004/12,4.0,UQ,0,상장폐지,주식분산기준 미달 2년 연속,2005-04-15 19:51,1.0
(주)베스트플로우,60410.0,2007/12,4.0,QU,0,상장폐지,2연속 자본잠식률 50%이상 및 자기자본 10억원 미만,2008-08-14 22:34,1.0
(주)벨로체피아노,40750.0,2002/12,4.0,NS,0,상장폐지,감사의견 거절(취소사유발생일: '03.4.9),2003-04-11 18:24,1.0
(주)보광티에스,66690.0,2011/12,4.0,DU,파산신청,상장폐지,감사의견 거절(감사범위 제한 및 계속기업존속불확실성),2012-04-18 18:17,0.0
(주)보성인터내셔날,33300.0,2000/12,4.0,DU,0,상장폐지승인,자본전액잠식(2년),2001-04-11 19:27,0.0
(주)보진재,30950.0,2004/12,4.0,UQ,0,상장폐지,경상손실 및 시가총액 50억원 미달 2회 연속(상장폐지사유 발생일 : 2005년 4월 15일),2005-04-18 16:10,1.0
(주)보홍,41320.0,2009/12,4.0,DS,0,상장폐지,감사의견거절(감사범위제한),2010-04-26 19:07,0.0
(주)브이에스에스티,35400.0,2009/12,4.0,QU,0,상장폐지,기업의 계속성 및 경영의 투명성 등을 종합적으로 고려하여 상장폐지가 필요하다고 인정,2010-09-15 17:44,1.0
(주)블루멈,33880.0,2008/12,4.0,UQ,0,상장폐지,상장폐지사유 발생,2009-08-24 22:27,1.0
(주)블루스톤디앤아이,33720.0,2003/12,4.0,QG,0,상장폐지,감사의견거절(취소사유발생일 : 2004년 3월 23일) ,2004-03-24 19:00,1.0
(주)블루스톤디앤아이,33720.0,2008/12,4.0,DU,0,상장폐지,감사의견거절(계속기업으로서의 존속능력에 대한 불확실성),2009-04-30 17:26,0.0
(주)블루젬디앤씨,53040.0,2011/12,4.0,DU,파산신청,상장폐지,감사의견거절(감사범위 제한 및 계속기업존속 불확실성),2012-05-04 17:52,0.0
(주)비앤비성원,15200.0,2011/12,4.0,DS,회생절차개시신청,상장폐지,감사의견거절(감사범위제한),2012-04-18 18:42,0.0
(주)비앤비성원,15200.0,2011/12,4.0,DS,회생절차개시신청,신주인수권증권 상장폐지(기초주권의 관리종목 지정),코스닥시장 상장규정 제44조의2 및 제47조,2012-03-22 20:18,0.0
(주)비엔씨컴퍼니,58370.0,2016/12,4.0,QS,0,[정정]상장폐지,감사범위제한으로 인한 한정의견,2017-04-20 18:27,0.0
(주)비엔씨컴퍼니,58370.0,2016/12,4.0,QS,0,상장폐지,감사범위제한으로 인한 한정의견,2017-04-20 18:10,0.0
(주)비이티,36820.0,2004/12,4.0,QS,0,상장폐지,감사범위제한 한정(상장폐지사유 발생일 : 2005년 03월 21일),2005-03-22 19:46,0.0
(주)사라콤,40020.0,2008/12,4.0,QU,0,상장폐지,자본전액잠식,2009-05-14 18:24,1.0
(주)사이노젠,64060.0,2009/12,4.0,DU,0,상장폐지(자본전액잠식),자본전액잠식,2010-03-31 21:44,0.0
(주)사이버패스,63280.0,2008/12,4.0,UQ,0,상장폐지,"기업의 계속성, 경영의 투명성 또는 기타 코스닥시장의 건전성 등을 종합적으로 고려하여 상장폐지가 필요하다고 인정",2009-06-25 15:43,1.0
(주)삼성수산,52560.0,2008/12,4.0,UQ,0,상장폐지,"기업의 계속성, 경영의 투명성 또는 기타 코스닥시장의 건전성 등을 종합적으로 고려하여 상장폐지가 필요하다고 인정",2009-06-18 18:06,1.0
(주)삼영,36530.0,2001/12,4.0,UQ,0,상장폐지,한국증권거래소 상장,2002-10-18 18:48,1.0
(주)삼우이엠씨,26250.0,2012/12,4.0,DU,회생절차개시결정,상장폐지,자본전액잠식,2013-04-01 22:52,0.0
(주)삼표시멘트,38500.0,2006/12,5.0,UQ,회생절차개시결정,상장폐지,감사의견거절,2007-03-26 18:45,1.0
(주)샤인시스템,66300.0,2009/12,4.0,UQ,회생절차개시신청,상장폐지,"기업의 계속성, 경영의 투명성 또는 기타 코스닥시장의 건전성 등을 종합적으로 고려하여 상장폐지 기준에 해당한다고 결정",2010-06-16 17:28,0.0
(주)서희건설,35890.0,2013/12,5.0,UQ,0,신주인수권증권 상장폐지(신주인수권 행사기간 만료),코스닥시장상장규정 제44조의2,2014-04-02 18:37,1.0
(주)선우중공업,68770.0,2009/12,4.0,UQ,0,상장폐지,"기업의 계속성, 경영의 투명성 또는 기타 코스닥시장의 건전성 등을 종합적으로 고려하여 상장폐지 기준에 해당한다고 결정",2010-06-04 17:48,1.0
(주)선팩테크,54010.0,2010/12,4.0,UQ,0,상장폐지,감사의견거절(감사범위 제한 및 계속기업으로서의 존속능력에 대한 불확실성),2011-09-22 18:11,1.0
(주)성우몰드,53440.0,2009/12,4.0,UQ,0,상장폐지,상장폐지신청('10.3.29),2010-04-08 19:07,1.0
(주)성진산업,37650.0,2004/12,4.0,DU,0,상장폐지,감사의견거절(상장폐지사유 발생일 : 2005년 03월 21일),2005-03-22 19:00,0.0
(주)세계투어,47600.0,2010/12,4.0,UQ,0,[정정]상장폐지,,2011-08-29 16:02,1.0
(주)세계투어,47600.0,2010/12,4.0,UQ,0,상장폐지,"기업의 계속성, 경영의 투명성 또는 기타 코스닥시장의 건전성 등을 종합적으로 고려하여 상장폐지 기준에 해당한다고 결정",2011-07-28 19:04,1.0
(주)세니콘,56060.0,2005/12,4.0,DU,0,상장폐지,감사범위제한으로 인한 의견거절(상장폐지사유 발생일 : 2006년 03월 27일),2006-03-28 20:28,0.0
(주)세라온홀딩스,50600.0,2007/12,4.0,DS,0,[정정]상장폐지,2회연속 자본잠식률 50%이상,2008-08-14 23:47,0.0
(주)세라온홀딩스,50600.0,2007/12,4.0,DS,0,상장폐지,2회연속 자본잠식률 50%이상,2008-08-14 23:10,0.0
(주)세븐코스프,17160.0,2010/12,4.0,DU,화의채무변제완료보고서제출,상장폐지,감사의견거절(감사범위제한 및 계속기업으로서의 존속능력에 대한 불확실성),2011-04-18 18:35,0.0
(주)세실,84450.0,2010/09,4.0,DU,0,상장폐지,감사의견거절(범위제한 및 계속기업 존속 불확실성),2011-01-25 13:38,0.0
(주)세아메탈,33020.0,2003/12,4.0,UQ,0,상장폐지,자진등록취소,2004-12-08 17:23,1.0
(주)소프트윈,49790.0,2001/12,4.0,UQ,0,상장폐지((주)소프트윈),최종부도 및 은행거래정지,2002-11-06 18:09,1.0
(주)소프트윈,49790.0,2001/12,4.0,UQ,0,상장폐지승인,최종부도 및 은행거래정지,2002-10-30 17:39,1.0
(주)솔고바이오메디칼,43100.0,2015/12,5.0,UQ,[정정]내부결산시점 관리종목 지정 또는 상장폐지 사유 발생,신주인수권증권 상장폐지(신주인수권 행사기간 만료),코스닥시장상장규정 제44조의2 ,2016-09-09 17:39,1.0
(주)솔빛미디어,44440.0,2004/12,4.0,DS,0,상장폐지,감사의견거절(상장폐지사유 발생일 : 2005년 04월 11일),2005-04-12 16:51,0.0
(주)슈마일렉트론,56500.0,2004/12,4.0,DU,0,상장폐지,감사의견거절(상장폐지사유 발생일 : 2005년 03월 22일),2005-03-23 11:16,0.0
(주)스탠더드텔레콤,27890.0,2002/12,4.0,AG,0,상장폐지,감사의견부적정(취소사유발생일:2003년 3월 21일),2003-03-24 17:59,0.0
(주)스톰이앤에프,43680.0,2010/12,4.0,DU,0,상장폐지,자본전액잠식 등,2011-03-31 21:30,0.0
(주)스틸플라워,87220.0,2017/12,4.0,DU,내부결산시점 관리종목 지정 또는 상장폐지 사유 발생,상장폐지,감사의견거절(감사범위 제한 및 계속기업 존속능력에 대한 불확실성),2018-04-23 19:15,0.0
(주)시노펙스그린테크,37320.0,2011/12,4.0,UQ,0,상장폐지(피흡수합병),피흡수합병,2012-03-16 16:45,1.0
(주)시스컴,37280.0,2002/12,4.0,NS,0,상장폐지,최종부도 및 은행거래정지,2003-03-17 18:11,1.0
(주)시큐어소프트,37060.0,2006/12,4.0,DS,0,[정정]상장폐지,,2007-03-23 19:31,0.0
(주)시큐어소프트,37060.0,2006/12,4.0,DS,0,상장폐지,감사의견거절,2007-02-12 17:08,0.0
(주)신세계아이앤씨,35510.0,2005/12,4.0,UQ,0,상장폐지,유가증권시장 상장,2006-05-16 15:30,1.0
(주)신세계푸드,31440.0,2009/12,4.0,UQ,0,상장폐지(유가증권시장 상장),유가증권시장 상장,2010-04-26 19:20,1.0
(주)신양오라컴디스플레이,86830.0,2016/12,4.0,DU,[정정]내부결산시점 관리종목 지정 또는 상장폐지 사유 발생,상장폐지,감사의견 거절(감사범위 제한 및 계속기업 존속능력에 대한 불확실성),2017-04-20 18:16,0.0
(주)신양오라컴디스플레이,86830.0,2016/12,4.0,DU,내부결산시점 관리종목 지정 또는 상장폐지 사유 발생[정],상장폐지,감사의견 거절(감사범위 제한 및 계속기업 존속능력에 대한 불확실성),2017-04-20 18:16,0.0
(주)신지소프트,78700.0,2009/12,4.0,DS,0,상장폐지,시가총액 40억원 미달,2010-02-16 18:01,0.0
(주)신한에스아이티,54530.0,2003/12,4.0,DU,0,상장폐지,감사의견거절(취소사유발생일 : 2004년 3월 20일),2004-03-22 20:00,0.0
(주)실리콘화일,82930.0,2013/12,4.0,UQ,0,상장폐지,상장폐지신청('14.04.22),2014-05-13 18:50,1.0
(주)심스밸리,42470.0,2001/12,4.0,UQ,0,상장폐지,최종부도 및 은행거래정지,2002-10-25 18:49,1.0
(주)심스밸리,42470.0,2001/12,4.0,UQ,0,상장폐지승인,최종부도 및 은행거래정지,2002-10-18 18:45,1.0
(주)쌈지,33260.0,2009/12,4.0,DS,부도발생,상장폐지,최종부도 발생,2010-04-06 19:45,0.0
(주)써니트렌드,35500.0,2008/12,4.0,QG,0,[정정]상장폐지,상장폐지사유 발생,2009-08-25 09:43,1.0
(주)써니트렌드,35500.0,2008/12,4.0,QG,0,상장폐지,상장폐지사유 발생,2009-08-25 07:11,1.0
(주)써미트테크놀로지,39000.0,2003/12,4.0,DU,0,상장폐지,감사의견거절(취소사유발생일 : '04.3.26),2004-03-30 19:28,0.0
(주)썬테크놀로지스,122800.0,2018/12,4.0,UQ,0,[정정]상장폐지,2019-12-10,2019-12-10 15:02,1.0
(주)썬테크놀로지스,122800.0,2018/12,4.0,UQ,0,상장폐지,기업의 계속성 및 경영의 투명성 등을 종합적으로 고려하여 상장폐지기준에 해당한다고 결정,2019-12-09 18:53,1.0
(주)쎄라텍,41550.0,2009/12,4.0,QU,0,상장폐지,"기업의 계속성, 경영의 투명성 또는 기타 코스닥시장의 건전성 등을 종합적으로 고려하여 상장폐지 기준에 해당한다고 결정",2010-08-12 17:53,1.0
(주)쏠라엔텍,30390.0,2009/12,4.0,DU,0,상장폐지,감사의견거절(감사범위제한 및 계속기업 존속 불확실),2010-04-26 19:08,0.0
(주)쓰리소프트,36360.0,2003/12,4.0,UQ,0,상장폐지,감사범위제한으로인한 한정,2004-03-30 19:30,1.0
(주)쓰리소프트,36360.0,2008/12,4.0,DU,0,상장폐지,감사의견거절(감사범위제한),2009-04-16 18:00,0.0
(주)씨그널엔터테인먼트그룹,99830.0,2017/12,4.0,DS,0,상장폐지,감사의견거절(감사범위 제한),2018-04-20 20:39,0.0
(주)씨디네트웍스,73710.0,2008/12,4.0,UQ,0,상장폐지(상장폐지신청(2009.08.31)),상장폐지신청(2009.08.31),2009-09-10 14:30,1.0
(주)씨모스,37600.0,2003/12,4.0,DU,0,상장폐지,감사의견거절(취소사유발생일:2004년 3월 9일),2004-03-10 18:09,0.0
(주)씨모텍,81090.0,2010/12,4.0,DS,회생절차개시결정,상장폐지,감사의견거절(감사범위 제한 및 계속기업으로서의 존속능력에 대한 불확실성) 등,2011-09-08 18:42,0.0
(주)씨모텍,81090.0,2010/12,4.0,DS,회생절차개시신청,상장폐지,감사의견거절(감사범위 제한 및 계속기업으로서의 존속능력에 대한 불확실성) 등,2011-09-08 18:42,0.0
(주)씨씨에스충북방송,66790.0,2017/12,5.0,UQ,0,신주인수권증권 상장폐지,코스닥시장 상장규정 제44조의2 및 제47조,2018-07-27 18:53,1.0
(주)씨앤에스자산관리,32040.0,2017/12,4.0,DU,0,상장폐지,감사의견거절(범위제한 및 계속기업 존속능력에 대한 불확실성),2018-09-27 08:32,0.0
(주)씨앤케이인터내셔널,39530.0,2014/12,4.0,UQ,내부결산시점 관리종목 지정 또는 상장폐지 사유 발생[정],상장폐지,기업의 계속성 및 경영의 투명성 등을 종합적으로 고려하여 상장폐지기준에 해당한다고 결정,2015-05-06 22:45,1.0
(주)씨엘인터내셔널,37340.0,2015/12,4.0,UQ,내부결산시점 관리종목 지정 또는 상장폐지 사유 발생,상장폐지,2반기 연속 자본잠식률 50% 이상,2016-08-26 18:48,0.0
(주)씨유전자,56340.0,2013/12,4.0,UQ,부도발생,상장폐지,최종부도 발생,2014-05-08 18:46,0.0
(주)씨티앤티,50470.0,2011/12,4.0,DS,회생절차개시신청,상장폐지,감사 의견거절(감사범위 제한),2012-04-18 18:18,0.0
(주)아구스,78670.0,2009/12,4.0,DU,0,상장폐지,감사의견거절(감사범위제한 및 계속기업 존속 불확실),2010-04-20 17:58,0.0
(주)아라온테크,41060.0,2013/12,4.0,DU,내부결산시점 관리종목 지정 또는 상장폐지 사유 발생,상장폐지,감사의견 거절(감사범위 제한 및 계속기업 존속능력에 대한 불확실성),2014-04-22 18:58,0.0
(주)아시아미디어홀딩스,52810.0,2010/12,4.0,UQ,0,상장폐지,"기업의 계속성, 경영의 투명성 또는 기타 코스닥시장의 건전성 등을 종합적으로 고려하여 상장폐지 기준에 해당한다고 결정",2011-11-09 18:41,1.0
(주)아이드림,66850.0,2008/12,4.0,UQ,0,상장폐지,자본잠식률 50%이상으로 관리종목 지정 후 반기 재무제표에 대한 감사의견 거절,2009-09-23 18:14,1.0
(주)아이디에스,78780.0,2015/12,4.0,DU,내부결산시점 관리종목 지정 또는 상장폐지 사유 발생[정],상장폐지,'14사업연도 자본잠식률 50%이상 사유로 관리종목 지정 후 '15사업연도 반기 감사의견 거절,2016-04-15 18:53,0.0
(주)아이디에이치,26230.0,2008/12,4.0,DU,회생절차개시신청,상장폐지,감사범위 제한에 따른 감사의견 거절,2009-04-16 18:01,0.0
(주)아이비진,39060.0,2007/12,4.0,QG,부도발생,상장폐지,최종부도,2008-12-09 16:04,0.0
(주)아이씨켐,20490.0,2001/12,4.0,UQ,0,상장폐지,최종부도 및 은행거래정지,2002-09-17 15:03,1.0
(주)아이씨켐,20490.0,2001/12,4.0,UQ,0,상장폐지승인,최종부도 및 은행거래정지,2002-09-05 15:00,1.0
(주)아이씨코퍼레이션,80570.0,2008/12,4.0,DU,0,상장폐지,감사의견거절(감사범위제한),2009-04-16 17:50,0.0
(주)아이엠아이티,38100.0,2004/12,4.0,DU,0,상장폐지,감사의견거절(상장폐지사유 발생일 : 2005년 03월 23일),2005-03-25 17:30,0.0
(주)아이텍스필,8030.0,2004/12,4.0,QU,0,상장폐지,최종부도(상장폐지사유 발생일 : 2005년 05월 02일),2005-05-20 17:33,1.0
(주)아이티센네트웍스,57110.0,2004/12,4.0,UQ,0,[정정]상장폐지,2005년 08월 18일   ,2005-10-12 12:40,1.0
(주)아이티센네트웍스,57110.0,2004/12,4.0,UQ,0,상장폐지,최근사업연도말 현재 자본잠식률 100분의50이상의 사유로 ,2005-08-18 10:03,1.0
(주)아이팩토리,53810.0,2015/12,4.0,DS,내부결산시점 관리종목 지정 또는 상장폐지 사유 발생,상장폐지,감사의견 거절(감사범위 제한 및 기업회계기준 위배),2016-09-01 17:55,0.0
(주)아인스엠앤엠,40740.0,2011/12,4.0,DU,0,[정정]상장폐지,,2012-04-18 18:43,0.0
(주)아인스엠앤엠,40740.0,2011/12,4.0,DU,0,상장폐지,감사의견거절(감사범위 제한),2012-04-06 18:48,0.0
(주)아큐텍,13780.0,2012/12,4.0,DU,내부결산시점 관리종목 지정 또는 상장폐지 사유 발생,상장폐지,"기업의 계속성, 경영의 투명성 또는 기타 코스닥시장의 건전성 등을 종합적으로 고려하여 상장폐지가 필요하다고 인정",2013-04-10 18:25,0.0
(주)알덱스,25970.0,2010/12,4.0,UQ,0,상장폐지(피흡수합병),피흡수합병,2011-12-15 15:54,1.0
(주)알에스넷,46430.0,2011/06,4.0,UQ,0,상장폐지,"기업의 계속성, 경영의 투명성 또는 기타 코스닥시장의 건전성 등을 종합적으로 고려하여 상장폐지가 필요하다고 인정",2012-11-22 18:25,1.0
(주)알이네트웍스,23670.0,2009/12,4.0,QU,0,상장폐지,"기업의 계속성, 경영의 투명성 또는 기타 코스닥시장의 건전성 등을 종합적으로 고려하여 상장폐지 기준에 해당한다고 결정",2010-06-04 17:56,1.0
(주)애드모바일,32600.0,2001/12,4.0,UQ,0,상장폐지승인,자본전액잠식(2년),2002-04-10 20:05,1.0
(주)애드모바일,32600.0,2001/12,4.0,UQ,0,상장폐지승인,최종부도 또는 당좌거래정지(1년),2002-01-23 19:24,1.0
(주)액티투오,47710.0,2009/12,4.0,UQ,0,상장폐지,"기업의 계속성, 경영의 투명성 또는 기타 코스닥시장의 건전성 등을 종합적으로 고려하여 상장폐지 기준에 해당한다고 결정",2010-07-08 18:44,1.0
(주)야호커뮤니케이션,59720.0,2008/12,4.0,DS,0,상장폐지(감사의견거절),감사의견거절(감사범위제한),2009-05-14 18:28,0.0
(주)어플라이드엔지니어링,53960.0,2002/12,4.0,UQ,0,상장폐지,감사의견거절(취소사유발생일: 2003년 4월 1일),2003-04-01 18:52,1.0
(주)업필,54370.0,2004/12,4.0,DU,0,상장폐지,감사의견거절(상장폐지사유 발생일 : 2005년 03월 26일),2005-03-28 20:09,0.0
(주)에너윈,55970.0,2007/12,4.0,DU,0,상장폐지,감사의견거절(감사범위제한),2008-04-22 19:13,0.0
(주)에듀아크,46350.0,2009/12,4.0,QG,0,상장폐지,최근 3사업연도 연속 자기자본 대비 50% 초과 법인세 비용차감전계속사업손실 발생,2010-03-31 23:22,1.0
(주)에듀언스,9010.0,2012/12,4.0,DU,0,상장폐지,감사의견거절(감사범위 제한 및 계속기업으로서의 존속능력에 대한 불확실성),2013-04-18 19:51,0.0
(주)에듀패스,31950.0,2010/12,4.0,UQ,0,상장폐지,"기업의 계속성, 경영의 투명성 또는 기타 코스닥시장의 건전성 등을 종합적으로 고려하여 상장폐지가 필요하다고 인정",2011-05-26 18:37,1.0
(주)에버리소스,20070.0,2009/12,4.0,DU,0,상장폐지,감사범위제한 및 계속기업존속능력에 대한 불확실성으로 인한 감사의견거절,2010-04-20 17:58,0.0
(주)에스디,66930.0,2009/12,4.0,UQ,0,상장폐지,상장폐지신청('10.0,2010-06-16 17:37,1.0
(주)에스마크,30270.0,2019/12,4.0,DU,[정정]내부결산시점 관리종목 지정 또는 상장폐지 사유 발생,상장폐지,감사의견거절(감사범위제한 및 계속기업 존속 불확실),2020-05-08 18:34,0.0
(주)에스마크,30270.0,2019/12,4.0,DU,내부결산시점 관리종목 지정 또는 상장폐지 사유 발생[정],상장폐지,감사의견거절(감사범위제한 및 계속기업 존속 불확실),2020-05-08 18:34,0.0
(주)에스브이에이치,46240.0,2004/12,4.0,QU,0,상장폐지,감사의견거절(상장폐지사유 발생일 : 2005년 03월 18일),2005-03-22 09:44,1.0
(주)에스비에스,34120.0,2002/12,4.0,UQ,0,상장폐지,증권거래소 상장,2003-06-24 16:29,1.0
(주)에스비엠,37630.0,2012/12,4.0,DU,회생절차개시신청,상장폐지,감사의견거절(감사범위 제한 및 계속기업으로서의 존속능력에 대한 불확실성),2013-07-11 18:20,0.0
(주)에스비엠,37630.0,2012/12,4.0,DU,회생절차개시신청,상장폐지,감사의견거절(감사범위 제한 및 계속기업으로서의 존속능력에 대한 불확실성),2013-07-11 18:20,0.0
(주)에스에스컴텍,36500.0,2016/12,4.0,DU,파산신청 기각,상장폐지,감사의견 거절(감사범위 제한 및 계속기업 존속능력에 대한 불확실성),2017-04-24 18:47,0.0
(주)에스에프씨,112240.0,2019/12,4.0,DS,파산신청,[정정]상장폐지,2020-06-17,2020-06-17 15:20,0.0
(주)에스에프씨,112240.0,2019/12,4.0,DS,파산신청,[정정]상장폐지,2020-05-14,2020-05-14 18:56,0.0
(주)에스에프씨,112240.0,2019/12,4.0,DS,파산신청,상장폐지,감사의견 거절(감사범위 제한),2020-05-13 19:25,0.0
(주)에스에프에이반도체,36540.0,2014/12,5.0,UQ,0,신주인수권증권 상장폐지(신주인수권 행사기간 만료),코스닥시장상장규정 제44조의2,2015-05-11 17:32,1.0
(주)에스코넥,96630.0,2013/12,5.0,UQ,0,[정정]신주인수권증권 상장폐지,코스닥시장상장규정 제44조의2,2014-03-12 09:07,1.0
(주)에스코넥,96630.0,2013/12,5.0,UQ,0,신주인수권증권 상장폐지(신주인수권 행사기간 만료),코스닥시장상장규정 제44조의2,2014-03-11 18:03,1.0
(주)에스티씨라이프,26220.0,2010/12,4.0,UQ,0,[정정]상장폐지,2011-11-16,2011-11-16 10:49,1.0
(주)에스티씨라이프,26220.0,2010/12,4.0,UQ,0,[정정]상장폐지(가처분신청에 따른 일정 정정),2011-11-01,2011-11-02 07:41,1.0
(주)에스티씨라이프,26220.0,2010/12,4.0,UQ,0,상장폐지,기업의 계속성 및 경영의 투명성 등을 종합적으로 고려하여 상장폐지 기준에 해당한다고 결정,2011-11-01 18:08,1.0
(주)에스티앤아이,31800.0,2008/12,4.0,UQ,0,[정정]상장폐지,2009년 06월 18일,2009-06-19 17:46,1.0
(주)에스티앤아이,31800.0,2008/12,4.0,UQ,0,상장폐지,"기업의 계속성, 경영의 투명성 또는 기타 코스닥시장의 건전성 등을 종합적으로 고려하여 상장폐지가 필요하다고 인정",2009-06-18 18:50,1.0
(주)에스피컴텍,39110.0,2005/12,4.0,UQ,0,상장폐지,2사업연도 연속 매출액 30억원 미달(상장폐지사유 발생일 : 2006년 03월 31일),2006-04-03 17:17,1.0
(주)에스피코프,48130.0,2009/12,4.0,DS,0,상장폐지,최종부도 발생,2010-04-07 17:33,0.0
(주)에이블씨엔씨,78520.0,2010/12,4.0,UQ,0,상장폐지(유가증권시장 상장),유가증권시장 상장,2011-09-05 18:10,1.0
(주)에이스디지텍,36550.0,2010/12,4.0,UQ,0,상장폐지(피흡수합병),피흡수합병,2011-08-17 17:01,1.0
(주)에이스일렉트로닉스,38690.0,2009/12,4.0,DU,0,상장폐지,감사의견거절(감사범위제한),2010-04-06 14:49,0.0
(주)에이엠에스,44770.0,2008/12,4.0,UQ,0,상장폐지,"자본전액잠식, 2반기 연속 자본잠식률 50%이상, 2반기 연속 자기자본 10억원 미만",2009-09-23 17:50,1.0
(주)에이제이에스,13340.0,2013/12,4.0,DU,회생절차개시결정,상장폐지,감사의견거절(감사범위 제한 및 계속기업 존속능력에 대한 불확실성),2014-08-20 18:54,0.0
(주)에이제이에스,13340.0,2013/12,4.0,DU,회생절차개시신청,상장폐지,감사의견거절(감사범위 제한 및 계속기업 존속능력에 대한 불확실성),2014-08-20 18:54,0.0
(주)에이치비테크놀러지,78150.0,2011/12,5.0,UQ,0,신주인수권증권 상장폐지(신주인수권 행사기간 만료),코스닥시장상장규정 제44조의2,2012-12-28 15:17,1.0
(주)에이치원바이오,52310.0,2008/12,4.0,UQ,0,상장폐지,3회 연속 자기자본 50%초과 법인세비용차감전계속사업손실,2009-04-13 11:44,1.0
(주)에임하이글로벌,43580.0,2017/12,4.0,DS,0,상장폐지,감사의견거절(감사범위 제한),2018-07-30 18:43,0.0
(주)에코솔루션,52510.0,2010/12,4.0,DU,0,상장폐지,감사의견거절(감사범위 제한 및 계속기업으로서의 존속능력에 대한 불확실성),2011-06-02 17:54,0.0
(주)에코페트로시스템,42870.0,2010/12,4.0,UQ,0,상장폐지,감사의견거절(감사범위 제한 및 계속기업으로서의 존속능력에 대한 불확실성),2011-09-22 18:13,1.0
(주)에프아이투어,47370.0,2008/12,4.0,DU,0,상장폐지,자본전액잠식,2009-04-01 11:50,0.0
(주)에프티이앤이,65160.0,2017/12,4.0,DS,0,[정정]상장폐지(상장폐지결정 효력정지 가처분 인용에 따른 일정 정정),2018-10-11,2018-10-08 18:58,0.0
(주)에프티이앤이,65160.0,2017/12,4.0,DS,0,상장폐지,감사의견 거절(감사범위 제한),2018-09-27 08:31,0.0
(주)에프티이앤이,65160.0,2017/12,4.0,DS,0,신주인수권증권 상장폐지(기초주권의 관리종목 지정),코스닥시장 상장규정 제44조의2 및 제47조,2018-03-22 23:14,0.0
(주)에프티이앤이,65160.0,2018/12,4.0,DS,0,[정정]상장폐지,2018-10-08,2019-04-26 19:06,0.0
(주)에피밸리,68630.0,2010/12,4.0,UQ,회생계획 인가,신주인수권증권 상장폐지(기초주권의 관리종목지정),코스닥시장상장규정 제44조의2 및 제47조,2011-03-22 18:18,0.0
(주)에피밸리,68630.0,2010/12,4.0,UQ,회생절차개시결정,신주인수권증권 상장폐지(기초주권의 관리종목지정),코스닥시장상장규정 제44조의2 및 제47조,2011-03-22 18:18,0.0
(주)에피밸리,68630.0,2010/12,4.0,UQ,회생절차개시신청,신주인수권증권 상장폐지(기초주권의 관리종목지정),코스닥시장상장규정 제44조의2 및 제47조,2011-03-22 18:18,0.0
(주)에피밸리,68630.0,2011/12,4.0,DU,회생절차개시신청,상장폐지,사업보고서 법정제출기한 익일부터 10일 이내 미제출,2012-04-10 15:46,0.0
(주)엑스로드,74140.0,2009/12,4.0,DS,0,상장폐지,감사범위제한으로 인한 의견거절,2010-04-26 18:54,0.0
(주)엑스씨이,81500.0,2008/12,4.0,DU,0,상장폐지,감사의견거절(감사범위제한),2009-04-16 17:46,0.0
(주)엑큐리스,48460.0,2011/12,4.0,UQ,0,상장폐지(피흡수합병),피흡수합병,2012-11-13 16:50,1.0
(주)엔스퍼트,98400.0,2011/12,4.0,AG,파산신청,[정정]상장폐지,2012-06-27,2012-07-10 17:50,0.0
(주)엔스퍼트,98400.0,2011/12,4.0,AG,파산신청,상장폐지,"기업의계속성, 경영의 투명성 또는 기타 코스닥시장의 건전성 등을 종합적으로 고려하여 상장폐지 기준에 해당한다고 결정",2012-06-27 18:32,0.0
(주)엔스퍼트,98400.0,2011/12,4.0,AG,내부결산시점 관리종목 지정 또는 상장폐지 사유 발생,[정정]상장폐지,2012-06-27,2012-07-10 17:50,0.0
(주)엔스퍼트,98400.0,2011/12,4.0,AG,내부결산시점 관리종목 지정 또는 상장폐지 사유 발생,상장폐지,"기업의계속성, 경영의 투명성 또는 기타 코스닥시장의 건전성 등을 종합적으로 고려하여 상장폐지 기준에 해당한다고 결정",2012-06-27 18:32,0.0
(주)엔씨소프트,36570.0,2002/12,4.0,UQ,0,상장폐지,증권거래소 상장,2003-05-21 16:41,1.0
(주)엔에스브이,95300.0,2016/12,4.0,DU,회생절차개시신청,상장폐지,"감사의견 거절(내부회계관리제도상의 취약점, 계속기업가정의 불확실성 및 재고자산 관련 감사범위 제한)",2017-08-30 19:23,0.0
(주)엔에스브이,95300.0,2016/12,4.0,DU,내부결산시점 관리종목 지정 또는 상장폐지 사유 발생,상장폐지,"감사의견 거절(내부회계관리제도상의 취약점, 계속기업가정의 불확실성 및 재고자산 관련 감사범위 제한)",2017-08-30 19:23,0.0
(주)엔에스아이,53250.0,2004/12,4.0,DU,0,상장폐지,감사의견거절(상장폐지사유 발생일 : 2005년 03월 19일),2005-03-22 09:27,0.0
(주)엔케이바이오,19260.0,2011/12,4.0,QU,화의채무변제완료보고서제출,상장폐지,"기업의 계속성, 경영의 투명성 또는 기타 코스닥시장의 건전성 등을 종합적으로 고려하여 상장폐지 기준에 해당한다고 결정",2012-08-23 18:31,1.0
(주)엔터기술,68420.0,2012/12,4.0,UQ,0,상장폐지,"기업의 계속성, 경영의 투명성 또는 기타 코스닥시장의 건전성 등을 종합적으로 고려하여 상장폐지가 필요하다고 인정",2013-03-26 19:11,1.0
(주)엔플렉스,40130.0,2003/12,4.0,DU,0,상장폐지,감사의견거절(취소사유발생일 : 2004년 3월 20일),2004-03-22 20:00,0.0
(주)엘앤씨피,15390.0,2011/12,4.0,DU,파산신청 기각,상장폐지,감사의견거절(감사범위제한),2012-03-30 18:41,0.0
(주)엘앤씨피,15390.0,2011/12,4.0,DU,내부결산시점 관리종목 지정 또는 상장폐지 사유 발생,상장폐지,감사의견거절(감사범위제한),2012-03-30 18:41,0.0
(주)엘앤피아너스,61140.0,2010/12,4.0,UQ,0,상장폐지,"기업의 계속성, 경영의 투명성 또는 기타 코스닥시장의 건전성 등을 종합적으로 고려하여 상장폐지가 필요하다고 결정",2011-12-15 18:37,1.0
(주)엘지텔레콤,32640.0,2007/12,4.0,UQ,0,상장폐지,유가증권시장 상장,2008-04-17 17:08,1.0
(주)엠에스오토텍,123040.0,2019/12,5.0,UQ,0,신주인수권증권 상장폐지(신주인수권 행사기간 만료),코스닥시장상장규정 제44조의2,2020-12-16 17:21,1.0
(주)엠엔에프씨,48640.0,2010/12,4.0,DU,회생절차개시신청,상장폐지,자본전액잠식 등,2011-03-31 20:53,0.0
(주)엠제이비,74150.0,2015/12,4.0,DS,0,상장폐지,감사의견거절(감사범위 제한),2016-08-23 18:22,0.0
(주)엠트론스토리지테크놀로지,46320.0,2008/12,4.0,UQ,0,상장폐지,2회연속 자본잠식률 50%이상 및 자기자본 10억원 미만,2009-08-17 10:18,1.0
(주)영진코퍼레이션,53330.0,2014/12,4.0,0,내부결산시점 관리종목 지정 또는 상장폐지 사유 발생,상장폐지,자본전액잠식,2015-04-10 19:08,0.0
(주)예당컴퍼니,49000.0,2012/12,4.0,UQ,0,상장폐지,기업의 계속성 및 경영의 투명성 등을 종합적으로 고려하여 상장폐지기준에 해당,2013-08-28 18:32,1.0
(주)예일바이오텍,54250.0,2006/12,4.0,DU,0,[정정]상장폐지,,2007-03-31 14:20,0.0
(주)예일바이오텍,54250.0,2006/12,4.0,DU,0,상장폐지,감사의견거절,2007-03-19 14:03,0.0
(주)오브제,58680.0,2007/12,4.0,UQ,0,상장폐지,피흡수합병,2008-04-04 15:13,1.0
(주)옥션,43790.0,2003/12,4.0,UQ,0,상장폐지,자진등록취소,2004-11-24 17:37,1.0
(주)올리브나인,52970.0,2009/12,4.0,UQ,0,상장폐지,"기업의 계속성, 경영의 투명성 또는 기타 코스닥시장의 건전성 등을 종합적으로 고려하여 상장폐지 기준에 해당한다고 결정",2010-10-07 17:53,1.0
(주)올에버,34970.0,2002/12,4.0,DU,0,상장폐지,감사의견거절(취소사유발생일 : 2003년 3월 31일),2003-04-02 16:52,0.0
(주)와이즈파워,40670.0,2012/12,4.0,UQ,[정정]내부결산시점 관리종목 지정 또는 상장폐지 사유 발생,신주인수권증권 상장폐지(기초주권의 관리종목지정),코스닥시장 상장규정 제44조의2 및 제47조,2013-04-01 21:56,1.0
(주)와이즈파워,40670.0,2014/12,4.0,DU,내부결산시점 관리종목 지정 또는 상장폐지 사유 발생[정],상장폐지,자본전액잠식 등,2015-07-03 18:13,0.0
(주)우성아이비,194610.0,2017/12,4.0,DU,0,[정정]상장폐지,감사의견거절(감사범위 제한 및 계속기업 존속능력에 대한 불확실성),2018-10-08 20:40,0.0
(주)우성아이비,194610.0,2017/12,4.0,DU,0,상장폐지,감사의견거절(감사범위 제한 및 계속기업 존속능력에 대한 불확실성),2018-09-27 08:37,0.0
(주)우신시스템,17370.0,2001/12,4.0,UQ,0,상장폐지,증권거래소 상장,2002-05-24 17:57,1.0
(주)우전,52270.0,2016/12,4.0,UQ,[정정]내부결산시점 관리종목 지정 또는 상장폐지 사유 발생,상장폐지,자본전액잠식 등,2017-03-31 18:26,0.0
(주)우전,52270.0,2016/12,4.0,UQ,내부결산시점 관리종목 지정 또는 상장폐지 사유 발생[정],상장폐지,자본전액잠식 등,2017-03-31 18:26,0.0
(주)우진세렉스,49800.0,2005/12,4.0,UQ,0,상장폐지,유가증권시장 상장,2006-05-22 17:43,1.0
(주)월드텔레콤,47610.0,2003/12,4.0,DS,0,상장폐지,감사의견거절(취소사유발생일 : 2004년 3월 23일)     ,2004-03-24 18:58,0.0
(주)웨스테이트디벨롭먼트,16140.0,2011/06,4.0,UQ,0,상장폐지,상장폐지신청('12.09.12),2012-09-27 19:29,1.0
(주)위너지스,26260.0,2017/12,4.0,DS,0,상장폐지,감사의견거절(감사범위 제한),2018-09-27 08:39,0.0
(주)위다스,56810.0,2012/12,4.0,DS,내부결산시점 관리종목 지정 또는 상장폐지 사유 발생,상장폐지(의견거절(감사범위 제한)),의견거절(감사범위 제한),2013-08-28 18:12,0.0
(주)윌텍정보통신,39390.0,2003/12,4.0,DU,0,상장폐지,감사의견거절(취소사유발생일 : 2004년 3월 24일),2004-03-25 17:29,0.0
(주)유니드코리아,110500.0,2013/12,4.0,DU,0,상장폐지,감사의견 거절(계속기업 존속능력에 대한 불확실성),2014-08-20 18:59,0.0
(주)유니씨앤티,40780.0,2001/12,4.0,UQ,0,상장폐지,최종부도 및 은행거래정지,2002-09-25 19:50,1.0
(주)유니씨앤티,40780.0,2001/12,4.0,UQ,0,상장폐지승인,최종부도 및 은행거래정지,2002-09-18 17:29,1.0
(주)유니텍전자,39040.0,2010/12,4.0,DU,0,상장폐지,감사의견거절(감사범위 제한 및 계속기업으로서의 존속능력에 대한 불확실성),2011-04-18 18:35,0.0
(주)유아이에너지,50050.0,2005/12,4.0,UQ,0,상장폐지,감사범위제한으로 인한 의견거절(상장폐지사유 발생일 : 2006년 03월 30일),2006-04-03 16:29,1.0
(주)유아이에너지,50050.0,2011/12,4.0,UQ,0,상장폐지,자본전액잠식,2012-09-13 22:02,1.0
(주)유에이블,71530.0,2012/12,4.0,UQ,0,상장폐지,"기업의 계속성, 경영의 투명성 또는 기타 코스닥시장의 건전성 등을 종합적으로 고려하여 상장폐지가 필요하다고 인정",2013-04-10 18:29,1.0
(주)유일엔시스,38720.0,2012/12,4.0,AG,[정정]회생절차개시신청,상장폐지,감사의견 부적정,2013-04-18 20:00,0.0
(주)유일엔시스,38720.0,2012/12,4.0,AG,회생절차개시신청[정],상장폐지,감사의견 부적정,2013-04-18 20:00,0.0
(주)유퍼트,60670.0,2009/12,4.0,DU,0,상장폐지,자본전액잠식,2010-03-31 20:39,0.0
(주)이노블루,66200.0,2006/12,4.0,UQ,0,상장폐지,감사의견 부적정,2007-03-20 18:03,1.0
(주)이노블루,66200.0,2008/12,4.0,QG,0,상장폐지,"2년연속 매출액 30억원 미달, 자본전액잠식",2009-04-01 11:44,1.0
(주)이론테크놀로지,34980.0,2002/12,4.0,UQ,0,상장폐지,최종부도 및 은행거래정지,2003-04-16 18:26,1.0
(주)이롬텍,45400.0,2009/10,4.0,DU,0,상장폐지,"정기보고서 미제출로 관리종목 지정후 법정제출기한내 사업보고서 미제출, 2회 연속 정기주주총회 미개최 또는 재무제표 미승인, 자본전액잠식 ",2010-01-29 18:46,0.0
(주)이루넷,41030.0,2009/12,4.0,DS,0,상장폐지,감사범위제한으로 인한 감사의견 거절,2010-04-22 13:42,0.0
(주)이룸지엔지,50640.0,2010/12,4.0,UQ,회생절차개시신청,상장폐지,"기업의 계속성, 경영의 투명성 또는 기타 코스닥시장의 건전성 등을 종합적으로 고려하여 상장폐지가 필요하다고 인정",2011-08-08 18:10,0.0
(주)이수페타시스,7660.0,2002/12,4.0,UQ,0,상장폐지,증권거래소 상장,2003-10-02 18:56,1.0
(주)이앤텍,47450.0,2009/12,4.0,UQ,0,상장폐지,"기업의 계속성, 경영의 투명성 또는 기타 코스닥시장의 건전성 등을 종합적으로 고려하여 상장폐지 기준에 해당한다고 결정",2010-11-17 18:16,1.0
(주)이지클럽,38980.0,2004/12,4.0,QU,0,상장폐지,최근사업연도말 기준 자본잠식률 100분의 50이상의 사유로 관리종목지정 후 법정제출기한 다음날로부터 10일이내 반기보고서 미제출,2005-08-30 09:36,1.0
(주)인네트,41450.0,2009/12,4.0,UQ,0,상장폐지,최종부도 발생,2010-09-01 17:24,1.0
(주)인스프리트,73130.0,2011/12,4.0,AG,0,상장폐지,자본잠식률 50% 이상으로 관리종목 지정 이후 최근 반기의 재무제표에 대한 감사인의 감사의견거절 등,2012-09-27 19:17,0.0
(주)인젠,41630.0,2009/12,4.0,DS,0,상장폐지,감사범위제한으로 인한 의견거절,2010-04-26 18:54,0.0
(주)인터파크,108790.0,2019/12,4.0,UQ,0,상장폐지(피흡수합병),피흡수합병,2020-07-13 16:27,1.0
(주)인팩,23810.0,2003/12,4.0,UQ,0,상장폐지,한국증권거래소 상장,2004-09-17 17:01,1.0
(주)인포피아,36220.0,2015/12,4.0,DS,0,[정정]상장폐지,2016-04-22,2016-04-29 15:03,0.0
(주)인포피아,36220.0,2015/12,4.0,DS,0,상장폐지,감사의견 거절(감사범위 제한으로 인한 의견거절),2016-04-22 18:13,0.0
(주)일공공일안경콘택트,32030.0,2009/12,4.0,DS,0,상장폐지,자본전액잠식,2010-03-31 21:06,0.0
(주)자강,36790.0,2008/12,4.0,DU,0,상장폐지,감사의견거절(계속기업 존속 불확실성),2009-04-30 16:51,0.0
(주)자연과환경,43910.0,2012/12,5.0,UQ,0,신주인수권증권 상장폐지(신주인수권 행사기간 만료),코스닥시장상장규정 제44조의2,2013-08-09 16:09,1.0
(주)자유투어,46840.0,2012/12,4.0,DU,0,상장폐지,감사의견거절(감사범위 제한) ,2013-04-18 20:06,0.0
(주)정산애강,22220.0,2001/12,5.0,UQ,부도발생및은행거래정지,상장폐지,최종부도 및 은행거래정지,2002-11-13 16:59,1.0
(주)정산애강,22220.0,2001/12,5.0,UQ,부도발생및은행거래정지,상장폐지승인,최종부도 및 은행거래정지,2002-11-01 20:06,1.0
(주)제너시스템즈,73930.0,2012/03,4.0,UQ,0,상장폐지(자본전액잠식),자본전액잠식,2013-07-01 18:09,1.0
(주)제너시스템즈,73930.0,2012/03,4.0,UQ,0,신주인수권증권 상장폐지(기초주권의 관리종목지정),코스닥시장 상장규정 제44조의2 및 제47조,2013-06-20 19:49,1.0
(주)제네시스엔알디,52640.0,2008/12,4.0,UQ,0,상장폐지,"기업의 계속성, 경영의 투명성 또는 기타 코스닥시장의 건전성 등을 종합적으로 고려하여 상장폐지가 필요하다고 인정",2009-09-23 17:43,1.0
(주)제이에이치코오스,65310.0,2011/12,4.0,UQ,0,상장폐지,기업의 계속성 및 경영의 투명성 등을 종합적으로 고려하여 상장폐지 기준에 해당한다고 결정,2012-05-17 18:16,1.0
(주)제이엠피,54790.0,2006/12,4.0,UQ,0,상장폐지,감사의견거절,2007-04-11 09:07,1.0
(주)제이콘텐트리,36420.0,2018/12,4.0,UQ,0,상장폐지(유가증권시장 상장),유가증권시장 상장,2019-10-16 17:30,1.0
(주)제이콤,60750.0,2010/12,4.0,UQ,부도발생,상장폐지,최종부도 발생,2011-04-05 17:52,0.0
(주)제이테크놀로지,35480.0,2018/12,4.0,UQ,0,[정정]상장폐지(상장폐지결정 효력정지 등 가처분신청 기각결정(발행주식수 오기 정정)),기업의 계속성 및 경영의 투명성 등을 종합적으로 고려하여 상장폐지기준에 해당한다고 결정,2019-12-02 15:06,1.0
(주)제이테크놀로지,35480.0,2018/12,4.0,UQ,0,[정정]상장폐지(상장폐지결정 효력정지 등 가처분신청 기각결정),2019-11-29,2019-11-29 19:25,1.0
(주)제이테크놀로지,35480.0,2018/12,4.0,UQ,0,[정정]상장폐지,2019-10-04,2019-10-21 18:51,1.0
(주)제이테크놀로지,35480.0,2018/12,4.0,UQ,0,[정정]상장폐지,2019-10-04,2019-10-04 18:43,1.0
(주)제이테크놀로지,35480.0,2018/12,4.0,UQ,0,상장폐지,기업의 계속성 및 경영의 투명성 등을 종합적으로 고려하여 상장폐지기준에 해당한다고 결정,2019-10-02 18:49,1.0
(주)조이토토,44370.0,2007/12,4.0,DU,0,상장폐지,감사의견거절(감사범위제한),2008-04-22 19:19,0.0
(주)중앙디자인,30030.0,2009/12,4.0,UQ,0,신주인수권증권 상장폐지(기초주권의 관리종목지정),코스닥시장상장규정 제44조의2 및 제47조,2010-11-17 18:03,1.0
(주)중앙디자인,30030.0,2010/12,4.0,DU,0,상장폐지(자본전액잠식),자본전액잠식,2011-03-31 21:04,0.0
(주)중앙바이오텍,15170.0,2009/12,4.0,DU,0,상장폐지,자본전액잠식,2010-03-31 21:17,0.0
(주)지노시스템,33850.0,2010/12,4.0,DS,화의채무변제완료보고서제출,상장폐지,감사의견거절(감사범위제한),2011-04-25 18:01,0.0
(주)지니웍스,36600.0,2004/12,4.0,DU,0,상장폐지,감사의견거절(상장폐지사유 발생일 : 2005년 03월 18일),2005-03-22 09:47,0.0
(주)지디,155960.0,2017/12,4.0,DS,0,[정정]상장폐지,감사의견 거절(감사범위 제한),2018-10-08 20:53,0.0
(주)지디,155960.0,2017/12,4.0,DS,0,상장폐지,감사의견 거절(감사범위 제한),2018-09-27 08:34,0.0
(주)지디코프,36610.0,2008/12,4.0,UQ,0,상장폐지,"기업의 계속성, 경영의 투명성 또는 기타 코스닥시장의 건전성 등을 종합적으로 고려하여 상장폐지가 필요하다고 인정",2009-06-04 18:06,1.0
(주)지아이바이오,35450.0,2012/12,4.0,DU,0,상장폐지,감사의견거절(감사범위 제한 및 계속기업으로서의 존속능력에 대한 불확실성),2013-07-25 18:32,0.0
(주)지앤알,43630.0,2010/12,4.0,DU,0,상장폐지,감사의견거절(감사범위 제한 및 계속기업으로서의 존속능력에 대한 불확실성),2011-04-18 18:35,0.0
(주)지앤에스티,36920.0,2012/12,4.0,DS,0,상장폐지,감사의견거절(감사범위 제한),2013-04-23 20:08,0.0
(주)지엔텍홀딩스,65410.0,2009/12,4.0,DU,0,상장폐지,감사의견거절(감사범위제한 및 계속기업 존속 불확실),2010-04-22 13:42,0.0
(주)지오엠씨,33030.0,2009/12,4.0,QU,0,상장폐지,"기업의 계속성, 경영의 투명성 또는 기타 코스닥시장의 건전성 등을 종합적으로 고려하여 상장폐지 기준에 해당한다고 결정",2010-09-09 16:26,1.0
(주)지이엔에프,38920.0,2008/12,4.0,UQ,0,상장폐지,"기업의 계속성, 경영의 투명성 또는 기타 코스닥시장의 건전성 등을 종합적으로 고려하여 상장폐지가 필요하다고 인정",2009-05-14 18:26,1.0
(주)지티앤티,53870.0,2014/12,4.0,UQ,[정정]내부결산시점 관리종목 지정 또는 상장폐지 사유 발생,상장폐지,'14사업연도 자본잠식률 50%이상 사유로 관리종목 지정 후 '15사업연도 반기 감사의견 거절,2015-10-01 17:30,0.0
(주)지티앤티,53870.0,2014/12,4.0,UQ,[정정]내부결산시점 관리종목 지정 또는 상장폐지 사유 발생[정],상장폐지,'14사업연도 자본잠식률 50%이상 사유로 관리종목 지정 후 '15사업연도 반기 감사의견 거절,2015-10-01 17:30,0.0
(주)지티앤티,53870.0,2014/12,4.0,UQ,내부결산시점 관리종목 지정 또는 상장폐지 사유 발생[정],상장폐지,'14사업연도 자본잠식률 50%이상 사유로 관리종목 지정 후 '15사업연도 반기 감사의견 거절,2015-10-01 17:30,0.0
(주)창민테크,42960.0,2004/12,4.0,DU,0,상장폐지,감사의견거절(상장폐지사유 발생일 : 2005년 03월 28일),2005-03-29 18:16,0.0
(주)청람디지탈,35270.0,2007/12,4.0,DU,0,상장폐지,법정제출기한까지 사업보고서를 제출하지 아니한 후,2008-04-11 11:14,0.0
(주)카라반케이디이,32570.0,2008/12,4.0,UQ,0,[정정]상장폐지,-,2009-09-07 18:21,1.0
(주)카라반케이디이,32570.0,2008/12,4.0,UQ,0,[정정]상장폐지,-,2009-08-28 17:10,1.0
(주)카라반케이디이,32570.0,2008/12,4.0,UQ,0,상장폐지,발행한 어음 또는 수표가 주거래은행에 의하여 최종부도로 결정되거나 거래은행에 의한 거래 정지,2009-08-26 19:26,1.0
(주)카리스소프트,24080.0,2001/12,4.0,UQ,0,상장폐지,최근 2년간 3회이상 불성실공시법인으로 지정,2002-09-24 18:06,1.0
(주)카리스소프트,24080.0,2001/12,4.0,UQ,0,상장폐지승인,최근 2년간 3회이상 불성실공시법인으로 지정,2002-09-11 16:57,1.0
(주)카카오,35720.0,2016/12,4.0,UQ,0,상장폐지(유가증권시장 상장),유가증권시장 상장,2017-07-05 18:41,1.0
(주)카카오엠,16170.0,2017/12,4.0,UQ,0,상장폐지(피흡수합병),피흡수합병,2018-09-13 16:21,1.0
(주)케너텍,62730.0,2008/12,4.0,UQ,[정정]회생절차개시결정,상장폐지,회생절차폐지결정사유 및 당해 코스닥시장상장법인의 계속기업 가능성 유무를 고려한 결과  상장폐지기준에 해당한다고 결정,2009-12-10 16:54,0.0
(주)케너텍,62730.0,2008/12,4.0,UQ,회생절차 폐지결정,상장폐지,회생절차폐지결정사유 및 당해 코스닥시장상장법인의 계속기업 가능성 유무를 고려한 결과  상장폐지기준에 해당한다고 결정,2009-12-10 16:54,0.0
(주)케너텍,62730.0,2008/12,4.0,UQ,[정정]회생절차개시결정[정],상장폐지,회생절차폐지결정사유 및 당해 코스닥시장상장법인의 계속기업 가능성 유무를 고려한 결과  상장폐지기준에 해당한다고 결정,2009-12-10 16:54,0.0
(주)케너텍,62730.0,2008/12,4.0,UQ,회생절차개시결정[정],상장폐지,회생절차폐지결정사유 및 당해 코스닥시장상장법인의 계속기업 가능성 유무를 고려한 결과  상장폐지기준에 해당한다고 결정,2009-12-10 16:54,0.0
(주)케너텍,62730.0,2008/12,4.0,UQ,회생절차개시신청,상장폐지,회생절차폐지결정사유 및 당해 코스닥시장상장법인의 계속기업 가능성 유무를 고려한 결과  상장폐지기준에 해당한다고 결정,2009-12-10 16:54,0.0
(주)케미그라스,21090.0,2002/12,4.0,UQ,0,상장폐지,자진등록취소,2003-12-10 17:34,1.0
(주)케이디세코,73780.0,2008/12,4.0,DS,0,상장폐지,2회 연속 자본잠식률 50%이상,2009-04-01 11:45,0.0
(주)케이디엠,27560.0,2001/12,4.0,UQ,0,상장폐지승인,기타 등록취소,2002-04-10 20:01,1.0
(주)케이알,35950.0,2008/03,4.0,UQ,0,상장폐지,감사범위제한으로 인한 감사의견거절 및 계속기업 불확실성으로 인한 감사의견거절 사유해소 확인서 미제출,2009-08-10 20:28,1.0
(주)케이에스리소스,66340.0,2010/12,4.0,UQ,0,상장폐지,자본잠식률 50% 이상으로 관리종목 지정 후 반기보고서 법정제출기한 익일부터 10일 이내 반기 검토(감사)보고서 미제출,2011-08-29 18:44,1.0
(주)케이엔티,36590.0,2004/12,4.0,QU,0,상장폐지,자본전액잠식(상장폐지사유발생일 : 2005년 03월 31일),2005-04-04 18:52,1.0
(주)케이티씨텔레콤,55810.0,2004/12,4.0,QU,0,상장폐지,최종부도(상장폐지사유 발생일 : 2005년 07월 29일),2005-08-01 16:17,1.0
(주)케이티프리텔,32390.0,2003/12,4.0,UQ,0,상장폐지,증권거래소 상장,2004-04-27 18:47,1.0
(주)코닉스,17210.0,2001/12,4.0,UQ,0,상장폐지,최종부도 및 은행거래정지,2002-10-23 19:07,1.0
(주)코닉스,17210.0,2001/12,4.0,UQ,0,상장폐지승인,최종부도 및 은행거래정지,2002-10-16 19:20,1.0
(주)코레스,8340.0,2009/12,4.0,DU,0,상장폐지,자본전액잠식,2010-03-31 21:06,0.0
(주)코리아링크,37410.0,2002/12,4.0,UQ,0,상장폐지,감사의견거절 및 최종부도,2003-04-02 19:15,1.0
(주)코스모스피엘씨,53170.0,2008/12,4.0,DU,0,상장폐지((주)코스모스피엘씨 주권 상장폐지),자본전액잠식,2009-04-01 11:48,0.0
(주)코썬바이오,204990.0,2019/12,6.0,UQ,내부결산시점 관리종목 지정 또는 상장폐지 사유 발생,[정정]상장폐지,2020-07-29,2020-07-29 18:20,1.0
(주)코썬바이오,204990.0,2019/12,6.0,UQ,내부결산시점 관리종목 지정 또는 상장폐지 사유 발생,[정정]상장폐지,2020-07-09,2020-07-09 16:38,1.0
(주)코썬바이오,204990.0,2019/12,6.0,UQ,내부결산시점 관리종목 지정 또는 상장폐지 사유 발생,상장폐지,기업의 계속성 및 경영의 투명성 등을 종합적으로 고려하여 상장폐지기준에 해당한다고 결정,2020-07-08 18:34,1.0
(주)코아에스앤아이,52350.0,2011/12,4.0,DU,0,상장폐지,감사의견거절(감사범위 제한),2012-04-03 18:32,0.0
(주)코아정보시스템,39990.0,2008/12,4.0,UQ,0,상장폐지,"기업의 계속성, 경영의 투명성 또는 기타 코스닥시장의 건전성 등을 종합적으로 고려하여 상장폐지가 필요하다고 인정",2009-05-28 15:33,1.0
(주)코어비트,56850.0,2009/12,4.0,DU,0,상장폐지,"기업의 계속성, 경영의 투명성 또는 기타 코스닥시장의 건전성 등을 종합적으로 고려하여 상장폐지가 필요하다고 인정",2010-02-23 19:50,0.0
(주)쿠첸,225650.0,2018/12,4.0,UQ,0,상장폐지,타법인의 완전자회사로 편입,2019-09-09 17:17,1.0
(주)쿨투,56020.0,2008/12,4.0,DU,0,상장폐지,감사의견거절(감사범위제한),2009-04-16 18:00,0.0
(주)큐리어스,45050.0,2011/12,4.0,QU,0,상장폐지,"기업의 계속성, 경영의 투명성 또는 기타 코스닥시장의 건전성 등을 종합적으로 고려하여 상장폐지가 필요하다고 인정",2012-11-14 19:17,1.0
(주)큐앤에스,52880.0,2010/12,4.0,UQ,0,상장폐지,상장폐지사유 발생,2011-09-08 20:44,1.0
(주)클라스타,37550.0,2010/12,4.0,QU,0,상장폐지,"자본잠식률 50% 이상으로 관리종목 지정 후, 최근 반기의 재무제표에 대한 감사인의 감사의견 거절",2011-10-13 17:57,1.0
(주)클루넷,67130.0,2011/12,4.0,UQ,0,상장폐지,"기업의 계속성, 경영의 투명성 또는 기타 코스닥시장의 건전성 등을 종합적으로 고려하여 상장폐지 기준에 해당한다고 결정",2012-05-24 18:24,1.0
(주)클리핑,25460.0,2008/12,4.0,DS,0,상장폐지,감사범위 제한에 따른 감사의견 거절,2009-04-16 17:56,0.0
(주)타임아이엔씨,46930.0,2002/08,4.0,UQ,0,상장폐지,피흡수합병 (합병기일: '03.7.1),2003-07-03 18:47,1.0
(주)태광이엔시,48140.0,2009/12,4.0,UQ,0,상장폐지,"기업의 계속성, 경영의 투명성 또는 기타 코스닥시장의 건전성 등을 종합적으로 고려하여 상장폐지 기준에 해당한다고 결정",2010-11-12 18:10,1.0
(주)태영텔스타,60840.0,2002/12,4.0,DS,0,상장폐지,감사의견거절,2003-03-19 17:07,0.0
(주)태창파로스,39850.0,2014/12,4.0,UQ,0,상장폐지,기업의 계속성 및 경영의 투명성 등을 종합적으로 고려하여 상장폐지기준에 해당한다고 결정,2015-05-06 22:44,1.0
(주)택산아이엔씨,36900.0,2003/12,4.0,UQ,0,상장폐지,회사정리절차 개시신청,2004-09-09 10:55,1.0
(주)택산아이엔씨,36900.0,2004/12,4.0,DU,0,상장폐지,감사의견거절,2005-04-12 07:33,0.0
(주)테라,32780.0,2002/12,4.0,NS,0,상장폐지,사업보고서 미제출,2003-04-11 17:49,1.0
(주)테크메이트,43690.0,2003/12,4.0,UQ,0,상장폐지,최종부도(취소사유발생일: 2004년 10월 1일),2004-10-05 18:53,1.0
(주)트래픽아이티에스,38050.0,2003/12,4.0,DU,0,상장폐지,감사의견거절(취소사유발생일 : 2004년 3월 30일),2004-03-31 19:33,0.0
(주)트레이스,52290.0,2014/12,4.0,UQ,0,신주인수권증권 상장폐지(신주인수권 행사기간 만료),신주인수권 행사기간 만료,2015-07-29 17:16,1.0
(주)트레이스,52290.0,2015/12,4.0,UQ,0,신주인수권증권 상장폐지(신주인수권 행사기간 만료),코스닥시장상장규정 제44조의2 ,2016-06-30 16:51,1.0
(주)트레이스,52290.0,2017/12,4.0,DS,0,상장폐지,감사의견거절(감사범위 제한),2018-09-27 08:38,0.0
(주)트리니티,53070.0,2008/12,4.0,UQ,0,상장폐지,"기업의 계속성, 경영의 투명성 또는 기타 코스닥시장의 건전성 등을 종합적으로 고려하여 상장폐지가 필요하다고 인정",2009-05-21 16:58,1.0
(주)티브로드도봉강북방송,35210.0,2011/12,4.0,UQ,0,상장폐지,상장폐지신청('12.09.26),2012-10-19 18:22,1.0
(주)티브로드한빛방송,43890.0,2011/12,4.0,UQ,0,상장폐지,상장폐지 신청('12.09.26),2012-10-19 18:22,1.0
(주)티에스엠텍,66350.0,2014/12,4.0,UQ,[정정]회생절차개시신청,상장폐지,발행한 어음 또는 수표가 주거래은행에 의하여 최종부도로 결정되거나 거래은행에 의한 거래정지,2015-05-07 18:17,0.0
(주)티에스엠텍,66350.0,2014/12,4.0,UQ,회생절차개시신청[정],상장폐지,발행한 어음 또는 수표가 주거래은행에 의하여 최종부도로 결정되거나 거래은행에 의한 거래정지,2015-05-07 18:17,0.0
(주)티에스엠텍,66350.0,2014/12,4.0,UQ,부도발생,상장폐지,발행한 어음 또는 수표가 주거래은행에 의하여 최종부도로 결정되거나 거래은행에 의한 거래정지,2015-05-07 18:17,0.0
(주)티엠,76090.0,2009/12,4.0,DU,파산신청,상장폐지,감사의견거절(감사범위제한),2010-04-12 15:13,0.0
(주)파루,43200.0,2019/12,6.0,UQ,0,신주인수권증권 상장폐지(신주인수권 행사기간 만료),코스닥시장상장규정 제44조의2,2020-09-18 16:23,1.0
(주)파워넷,37030.0,2003/12,5.0,UQ,회사재산보전처분결정,상장폐지,회사정리절차 개시신청,2004-12-21 18:04,1.0
(주)파워넷,37030.0,2003/12,5.0,UQ,회사정리절차개시신청,상장폐지,회사정리절차 개시신청,2004-12-21 18:04,1.0
(주)파워넷,37030.0,2004/12,5.0,UQ,회사정리절차개시결정,상장폐지,최근사업연도말 현재 자본잠식률 100분의50이상의 사유로 ,2005-08-18 09:53,1.0
(주)파티게임즈,194510.0,2017/12,4.0,DS,0,[정정]상장폐지(주권상장폐지결정등 금지가처분 인용에 따른 일정 정정),2018-09-21,2018-10-05 20:19,0.0
(주)파티게임즈,194510.0,2017/12,4.0,DS,0,상장폐지(감사의견거절(감사범위제한)),감사의견거절(감사범위 제한),2018-09-21 21:24,0.0
(주)파티게임즈,194510.0,2019/12,4.0,DS,0,[정정]상장폐지(상장폐지무효확인 청구의 소(원고 상고 기각)),2018-10-05,2020-09-03 18:54,0.0
(주)평산,89480.0,2011/12,4.0,DU,0,상장폐지,감사의견거절(감사범위제한),2012-03-30 18:39,0.0
(주)포네이처,45290.0,2009/12,4.0,DU,0,상장폐지,사업보고서 법정제출기한 익일부터 10일이내 미제출,2010-04-12 18:11,0.0
(주)포네이처,45290.0,2009/12,4.0,DU,0,[정정]상장폐지,2010-03-31,2010-04-01 07:26,0.0
(주)포네이처,45290.0,2009/12,4.0,DU,0,상장폐지,자본전액잠식,2010-03-31 21:08,0.0
(주)포넷,48270.0,2008/12,4.0,DU,0,[정정]상장폐지((주)포넷 주권 상장폐지),2009년 04월 01일,2009-04-30 20:28,0.0
(주)포넷,48270.0,2008/12,4.0,DU,0,상장폐지((주)포넷 주권 상장폐지),자본전액잠식,2009-04-01 18:25,0.0
(주)포스코케미칼,3670.0,2018/12,4.0,UQ,0,상장폐지(유가증권시장 상장),유가증권시장 상장,2019-05-27 15:47,1.0
(주)포이보스,38810.0,2008/12,4.0,DU,회생절차개시결정,상장폐지((주)포이보스 주권 상장폐지),자본전액잠식,2009-04-01 11:48,0.0
(주)포이보스,38810.0,2008/12,4.0,DU,회생절차개시신청,상장폐지((주)포이보스 주권 상장폐지),자본전액잠식,2009-04-01 11:48,0.0
(주)폴리플러스,65610.0,2011/12,4.0,DU,0,상장폐지,감사의견거절(감사범위제한),2012-04-18 18:54,0.0
(주)폴켐,33190.0,2009/12,4.0,DS,0,상장폐지,사업보고서 법정제출기한 익일부터 10일이내 미제출,2010-04-12 19:53,0.0
(주)풍연,17090.0,2000/12,4.0,DS,0,상장폐지승인,자본전액잠식(2년),2001-04-11 19:30,0.0
(주)퓨쳐인포넷,58690.0,2009/12,4.0,UQ,0,상장폐지,기업의 계속성 및 경영의 투명성 등을 종합적으로 고려하여 상장폐지가 필요하다고 인정,2010-08-12 18:05,1.0
(주)프로비타,14420.0,2008/12,4.0,UQ,0,상장폐지,주된 영업의 정지에 의한 상장폐지기준 해당,2009-10-21 18:12,1.0
(주)플러스프로핏,36660.0,2008/06,4.0,UQ,0,상장폐지,감사범위 제한에 따른 감사의견 거절,2009-11-09 18:04,1.0
(주)플렉스컴,65270.0,2015/12,4.0,DU,[정정]내부결산시점 관리종목 지정 또는 상장폐지 사유 발생,상장폐지,자본전액잠식,2016-03-30 22:40,0.0
(주)플렉스컴,65270.0,2015/12,4.0,DU,내부결산시점 관리종목 지정 또는 상장폐지 사유 발생[정],상장폐지,자본전액잠식,2016-03-30 22:40,0.0
(주)피더블유제네틱스,65910.0,2008/12,4.0,DU,0,상장폐지((주)피더블유제네틱스 상장폐지),감사의견거절(감사범위제한) ,2009-04-08 10:08,0.0
(주)피앤텔,54340.0,2019/12,4.0,DU,내부결산시점 관리종목 지정 또는 상장폐지 사유 발생,상장폐지,감사의견 거절(감사범위 제한 및 계속기업 존속능력에 대한 불확실성),2020-05-08 18:31,0.0
(주)피엘에이,82390.0,2015/12,4.0,UQ,[정정]내부결산시점 관리종목 지정 또는 상장폐지 사유 발생,상장폐지,기업의 계속성 및 경영의 투명성 등을 종합적으로 고려하여 상장폐지기준에 해당한다고 결정,2016-07-12 19:17,0.0
(주)피엘에이,82390.0,2015/12,4.0,UQ,내부결산시점 관리종목 지정 또는 상장폐지 사유 발생[정],상장폐지,기업의 계속성 및 경영의 투명성 등을 종합적으로 고려하여 상장폐지기준에 해당한다고 결정,2016-07-12 19:17,0.0
(주)피케이엘,39870.0,2004/10,4.0,UQ,0,상장폐지,상장폐지신청(2005.10.14),2005-10-28 14:59,1.0
(주)피코소프트,39580.0,2003/12,4.0,DU,0,상장폐지,감사의견거절(취소사유발생일:2004년 3월 22일),2004-03-23 19:05,0.0
(주)하나투어,39130.0,2010/12,4.0,UQ,0,상장폐지(유가증권시장 상장),유가증권시장 상장,2011-10-28 16:35,1.0
(주)하림홀딩스,24660.0,2017/12,4.0,UQ,0,상장폐지(피흡수합병),피흡수합병,2018-07-11 18:05,1.0
(주)하우리,49130.0,2004/12,4.0,DS,0,상장폐지,감사의견거절(상장폐지사유 발생일 : 2005년 03월 21일),2005-03-22 18:57,0.0
(주)하이드로젠파워,70080.0,2009/12,4.0,QU,부도발생,상장폐지,최종부도,2010-10-26 19:02,0.0
(주)하이드로젠파워,70080.0,2009/12,4.0,QU,회생절차개시신청,상장폐지,최종부도,2010-10-26 19:02,0.0
(주)하이럭스,79340.0,2008/12,4.0,UQ,0,상장폐지,"기업의 계속성, 경영의 투명성 또는 기타 코스닥시장의 건전성 등을 종합적으로 고려하여 상장폐지가 필요하다고 인정",2009-06-11 18:14,1.0
(주)하이소닉,106080.0,2018/12,6.0,DU,0,신주인수권증권 상장폐지,코스닥시장 상장규정 제44조의2 및 제47조,2019-01-28 18:31,1.0
(주)하이스마텍,57100.0,2009/12,4.0,DS,0,상장폐지,감사의견거절(감사범위제한),2010-04-26 18:54,0.0
(주)하이콤정보통신,48540.0,2003/12,4.0,UQ,0,상장폐지,액면가액일정비율미만(취소사유발생일 : 2004년 8월 3일),2004-08-04 17:41,1.0
(주)한국테크놀로지,53590.0,2014/12,5.0,UQ,0,상장폐지(1우선주),종류주식 상장주식수 미달(5만주 미만) 2반기 계속,2015-06-30 18:25,1.0
(주)한도하이테크,60660.0,2007/12,4.0,DS,0,상장폐지,감사의견거절(감사범위제한),2008-04-22 19:11,0.0
(주)한빛네트,36720.0,2003/12,4.0,DU,0,상장폐지,감사의견거절(취소사유발생일 : 2004년 3월 23일),2004-03-24 19:00,0.0
(주)한신코퍼레이션,37120.0,2003/06,4.0,UQ,0,상장폐지,감사의견 거절(취소사유발생일 : 2004년 9월 30일),2004-10-11 18:22,1.0
(주)한아시스템,36020.0,2004/12,4.0,AG,0,상장폐지,감사의견 부적정(상장폐지사유 발생일 : 2005년 03월 21일),2005-03-22 09:55,0.0
(주)한와이어리스,37020.0,2010/12,4.0,DU,0,상장폐지,사업보고서 법정제출기한 익일부터 10일이내 미제출,2011-04-12 09:28,0.0
(주)한진피앤씨,61460.0,2016/12,4.0,UQ,내부결산시점 관리종목 지정 또는 상장폐지 사유 발생[정],상장폐지(피흡수합병),피흡수합병,2017-09-26 15:40,1.0
(주)한텔,41940.0,2007/12,4.0,DU,0,상장폐지,2연속 자본잠식률 50% 이상,2008-04-01 14:07,0.0
(주)해피드림,65180.0,2014/12,4.0,QG,0,[정정]상장폐지,,2015-04-21 12:06,1.0
(주)해피드림,65180.0,2014/12,4.0,QG,0,상장폐지,감사범위제한 및 회계처리기준 위반으로 인한 한정의견,2015-04-20 18:50,1.0
(주)행남사,8800.0,2019/12,4.0,DS,회생계획 인가,[정정]상장폐지,2020-12-31,2020-12-31 15:45,0.0
(주)행남사,8800.0,2019/12,4.0,DS,회생계획 인가,상장폐지,기업의 계속성 및 경영의 투명성 등을 종합적으로 고려하여 상장폐지기준에 해당한다고 결정,2020-12-29 19:58,0.0
(주)행남사,8800.0,2019/12,4.0,DS,[정정]회생절차개시결정,[정정]상장폐지,2020-12-31,2020-12-31 15:45,0.0
(주)행남사,8800.0,2019/12,4.0,DS,[정정]회생절차개시결정,상장폐지,기업의 계속성 및 경영의 투명성 등을 종합적으로 고려하여 상장폐지기준에 해당한다고 결정,2020-12-29 19:58,0.0
(주)행남사,8800.0,2019/12,4.0,DS,회생절차개시결정[정],[정정]상장폐지,2020-12-31,2020-12-31 15:45,0.0
(주)행남사,8800.0,2019/12,4.0,DS,회생절차개시결정[정],상장폐지,기업의 계속성 및 경영의 투명성 등을 종합적으로 고려하여 상장폐지기준에 해당한다고 결정,2020-12-29 19:58,0.0
(주)행남사,8800.0,2019/12,4.0,DS,회생절차개시신청,[정정]상장폐지,2020-12-31,2020-12-31 15:45,0.0
(주)행남사,8800.0,2019/12,4.0,DS,회생절차개시신청,상장폐지,기업의 계속성 및 경영의 투명성 등을 종합적으로 고려하여 상장폐지기준에 해당한다고 결정,2020-12-29 19:58,0.0
(주)행남사,8800.0,2019/12,4.0,DS,[정정]내부결산시점 관리종목 지정 또는 상장폐지 사유 발생,[정정]상장폐지,2020-12-31,2020-12-31 15:45,0.0
(주)행남사,8800.0,2019/12,4.0,DS,[정정]내부결산시점 관리종목 지정 또는 상장폐지 사유 발생,상장폐지,기업의 계속성 및 경영의 투명성 등을 종합적으로 고려하여 상장폐지기준에 해당한다고 결정,2020-12-29 19:58,0.0
(주)행남사,8800.0,2019/12,4.0,DS,내부결산시점 관리종목 지정 또는 상장폐지 사유 발생[정],[정정]상장폐지,2020-12-31,2020-12-31 15:45,0.0
(주)행남사,8800.0,2019/12,4.0,DS,내부결산시점 관리종목 지정 또는 상장폐지 사유 발생[정],상장폐지,기업의 계속성 및 경영의 투명성 등을 종합적으로 고려하여 상장폐지기준에 해당한다고 결정,2020-12-29 19:58,0.0
(주)헤쎄나,36270.0,2008/12,4.0,UQ,0,상장폐지,"기업의 계속성, 경영의 투명성 또는 기타 코스닥시장의 건전성 등을 종합적으로 고려하여 상장폐지가 필요하다고 인정",2009-06-04 18:01,1.0
(주)헤파호프코리아,39350.0,2010/12,4.0,UQ,0,상장폐지,기업의 계속성 및 경영의 투명성 등을 종합적으로 고려하여 상장폐지 기준에 해당한다고 결정,2011-06-02 17:53,1.0
(주)호성,35870.0,2003/12,4.0,UQ,0,상장폐지,최종부도(취소사유발생일 : 2004년 5월 28일)  ,2004-05-31 18:48,1.0
(주)화림모드,45920.0,2002/12,4.0,UQ,0,상장폐지,최종부도 및 은행거래정지,2003-10-02 18:48,1.0
(주)화인썬트로닉스,38520.0,2002/12,4.0,NS,0,상장폐지,최종부도 및 은행거래정지,2003-02-24 13:19,1.0
(주)화진,134780.0,2019/12,4.0,DS,회생절차 종결결정,상장폐지,감사의견거절(감사범위제한),2020-06-19 18:25,0.0
(주)화진,134780.0,2019/12,4.0,DS,회생절차 종결신청,상장폐지,감사의견거절(감사범위제한),2020-06-19 18:25,0.0
(주)화진,134780.0,2019/12,4.0,DS,[정정]회생계획 인가,상장폐지,감사의견거절(감사범위제한),2020-06-19 18:25,0.0
(주)화진,134780.0,2019/12,4.0,DS,회생계획 인가[정],상장폐지,감사의견거절(감사범위제한),2020-06-19 18:25,0.0
(주)황금에스티,32560.0,2008/12,4.0,UQ,0,상장폐지,유가증권시장 상장,2009-10-27 17:25,1.0
(주)휘튼,66480.0,2005/12,4.0,DU,0,상장폐지,감사의견거절(상장폐지사유발생일 : 2006년 4월 10일),2006-04-11 17:32,0.0
(주)휴먼이노텍,13630.0,2001/12,4.0,NS,0,상장폐지승인,기타 등록취소,2002-03-21 18:38,1.0
(주)휴먼텍코리아,66060.0,2012/12,4.0,DU,0,상장폐지,자본전액잠식,2013-04-01 22:52,0.0
(주)희훈디앤지,19640.0,2008/12,4.0,QS,0,상장폐지,자본전액잠식,2009-04-13 11:44,0.0
(주)히스토스템,36840.0,2010/12,4.0,QU,0,상장폐지,"기업의 계속성, 경영의 투명성 또는 기타 코스닥시장의 건전성등을 종합적으로 고려하여 상장폐지가  필요하다고 인정",2011-08-31 18:44,1.0
KCW(주),68060.0,2014/12,4.0,UQ,0,상장폐지,"기업의 계속성, 경영의 투명성 또는 그 밖에 코스닥시장의 건전성 등을 종합적으로 고려하여 상장폐지 기준에 해당한다고 결정",2015-09-07 18:08,1.0
국제엘렉트릭코리아(주),53740.0,2014/03,4.0,UQ,0,상장폐지,상장폐지 신청('15.01.15),2015-01-28 18:03,1.0
글로본(주),19660.0,2012/03,5.0,UQ,0,신주인수권증권 상장폐지(기초주권의 관리종목지정),코스닥시장 상장규정 제44조의2 및 제47조,2013-06-20 19:46,1.0
글로웍스(주),34600.0,2010/09,4.0,UQ,0,상장폐지,자본잠식률 50%이상으로 관리종목 지정 후 반기 재무제표에 대한 감사의견 거절,2011-06-16 16:44,1.0
금강제강(주),105070.0,2011/12,4.0,UQ,부도발생,상장폐지,최종부도 발생,2012-08-01 18:16,0.0
나이스메탈(주),72530.0,2010/12,4.0,DU,0,상장폐지,감사의견거절(감사범위 제한 및 계속기업으로서의 존속능력에 대한 불확실성),2011-04-25 18:09,0.0
네스테크(주),37540.0,2010/12,4.0,UQ,0,상장폐지,"기업의 계속성, 경영의 투명성 또는 기타 코스닥시장의 건전성 등을 종합적으로 고려하여 상장폐지 기준에 해당한다고 결정",2011-11-15 18:31,1.0
네오세미테크(주),89240.0,2009/12,4.0,DS,회생절차개시신청,상장폐지,감사의견거절(감사범위 제한),2010-08-23 13:51,0.0
넥스콘테크놀러지(주),38990.0,2011/12,4.0,UQ,0,상장폐지,상장폐지신청('12.10.09),2012-10-19 18:21,1.0
다산,15150.0,2000/12,4.0,DU,0,상장폐지승인,기타 등록취소,2001-07-31 19:27,0.0
대선조선(주),31990.0,2010/12,4.0,UQ,0,상장폐지,자본전액잠식 등,2011-03-31 21:32,1.0
대아건설(주),380.0,2003/12,4.0,UQ,0,상장폐지,피흡수합병(합병기일 : '04.9.22),2004-10-19 18:10,1.0
대웅화학(주),16890.0,2008/03,4.0,UQ,0,상장폐지(피흡수합병),피흡수합병,2009-04-15 11:26,1.0
대한광통신(주),10170.0,2013/12,5.0,UQ,0,신주인수권증권 상장폐지(신주인수권행사기간 만료),코스닥시장상장규정 제44조의2,2014-01-15 17:33,1.0
대흥멀티미디어통신(주),37250.0,2003/12,4.0,QU,0,상장폐지,최종부도(취소사유발생일 : 2004년 4월 23일),2004-04-27 18:45,1.0
덴소풍성(주),47060.0,2003/03,4.0,UQ,0,상장폐지,거래실적부진(취소사유발생일 : 2004년 7월 30일),2004-08-03 17:32,1.0
동부씨엔아이(주),44640.0,2009/12,4.0,UQ,0,상장폐지(피흡수합병),피흡수합병,2010-11-19 15:44,1.0
동양매직(주),23020.0,2010/12,4.0,UQ,0,상장폐지(피흡수합병),피흡수합병,2011-09-07 17:48,1.0
동양시스템즈(주),30790.0,2009/12,4.0,UQ,0,상장폐지(유가증권시장 상장),유가증권시장 상장,2010-10-28 18:28,1.0
동양텔레콤(주),7150.0,2011/12,4.0,DU,회생절차개시결정,상장폐지,2회 연속 자본잠식률 50%이상,2012-08-29 19:49,0.0
동양텔레콤(주),7150.0,2011/12,4.0,DU,회생절차개시신청,상장폐지,2회 연속 자본잠식률 50%이상,2012-08-29 19:49,0.0
드림라인(주),35430.0,2002/12,4.0,UQ,0,상장폐지,액면가액일정비율미달,2003-09-02 16:37,1.0
디브이에스코리아(주),46400.0,2013/12,4.0,DS,내부결산시점 관리종목 지정 또는 상장폐지 사유 발생,상장폐지,감사의견거절(감사범위제한),2014-08-20 19:01,0.0
디이시스(주),53200.0,2003/12,4.0,DU,0,상장폐지,감사의견거절(취소사유발생일 : 2004년 3월 22일)  ,2004-03-22 20:01,0.0
레이젠(주),47440.0,2017/12,4.0,DU,파산신청 기각,상장폐지,감사의견거절(감사범위 제한 및 계속기업 존속능력에 대한 불확실성),2018-09-27 08:39,0.0
리타워테크놀러지스(주),20860.0,2002/12,4.0,DU,0,상장폐지,감사의견거절(취소사유발생일 : 2003년 3월 27일),2003-03-28 18:36,0.0
모빌링크텔레콤(주),41310.0,2008/12,4.0,DU,0,상장폐지,자본전액잠식,2009-04-13 13:32,0.0
미리넷(주),56710.0,2009/12,4.0,UQ,[정정]회생절차개시결정[정],신주인수권증권 상장폐지,"ㅇ 매매기간 : 2010.3.26 ~ 2010.4.5(7일간) ㅇ 정리매매기간중 매매거래방식   ㅇ 가격제한폭 없이 09:00~15:00까지 매30분 간격으로 단일      가격에 의한 개별경쟁매매 실시   ㅇ 매매거래 체결시 시간외매매 가능   ㅇ 관련규정 : 코스닥시장업무규정 제23조  * 변경상장 후 상장증권수 : 1,237,209",2010-03-23 16:39,1.0
미리넷(주),56710.0,2011/12,4.0,DU,회생절차개시신청,상장폐지,자본전액잠식,2012-03-30 22:41,0.0
미주제강(주),2670.0,2011/12,4.0,DU,회생절차개시신청,상장폐지,발행한 어음 또는 수표가 주거래은행에 의하여 최종부도로 결정되거나 거래은행에 의한 거래 정지,2012-04-03 19:09,0.0
부국철강(주),26940.0,2007/12,4.0,UQ,0,상장폐지,유가증권시장 상장,2008-10-10 16:00,1.0
부산방직공업(주),25270.0,2015/12,4.0,UQ,0,상장폐지(피흡수합병),피흡수합병,2016-08-12 16:00,1.0
브이케이(주),48760.0,2005/12,4.0,UQ,0,[정정]상장폐지,,2006-07-10 18:00,1.0
브이케이(주),48760.0,2005/12,4.0,UQ,0,상장폐지,최종부도,2006-07-07 16:34,1.0
비알엔사이언스(주),38710.0,2010/12,4.0,DU,회생절차개시신청,상장폐지,감사의견거절(계속기업으로서의 존속능력에 대한 불확실성),2011-04-25 18:02,0.0
산양전기(주),79870.0,2008/12,4.0,QU,0,상장폐지,자본전액잠식,2009-04-01 11:51,1.0
삼목강업(주),158380.0,2015/12,4.0,UQ,0,상장폐지(피흡수합병),피흡수합병,2016-04-18 15:23,1.0
삼보모터스(주),53700.0,2014/12,5.0,UQ,0,신주인수권증권 상장폐지(신주인수권 행사기간 만료),신주인수권 행사기간 만료,2015-09-08 15:14,1.0
삼한콘트롤스(주),33070.0,2001/12,4.0,NS,0,상장폐지승인,최종부도 또는 당좌거래정지(1년),2002-03-19 19:25,1.0
삼호개발(주),10960.0,2004/12,4.0,UQ,0,상장폐지,유가증권시장 상장,2005-05-11 16:18,1.0
삼화기연(주),33210.0,2003/12,4.0,DU,0,상장폐지(삼화기연(주)),감사의견거절(취소사유발생일 : 2004년 3월 15일),2004-03-16 20:02,0.0
상신브레이크(주),41650.0,2003/12,4.0,UQ,0,상장폐지,증권거래소 상장,2004-10-25 17:25,1.0
세림아이텍(주),33040.0,2001/12,4.0,QG,0,상장폐지,"신고,공시의무를 위반하여 투자유의종목으로 지정된 후 1년이내에 불성실공시법인으로 지정 및 최근 2년간 3회 이상 불성실공시법인으로 지정",2002-11-04 18:45,1.0
세림아이텍(주),33040.0,2001/12,4.0,QG,0,상장폐지승인,"신고,공시의무를 위반하여 투자유의종목으로 지정된 후",2002-10-28 19:15,1.0
세미텍(주),81220.0,2013/12,4.0,UQ,0,상장폐지(피흡수합병),피흡수합병,2014-02-26 17:24,1.0
세원텔레콤(주),36910.0,2003/12,4.0,UQ,0,상장폐지,회사정리절차 개시신청,2004-05-12 19:13,1.0
세종공업(주),33530.0,2001/12,4.0,UQ,0,상장폐지,한국증권거래소 상장,2002-09-24 11:56,1.0
세종텔레콤(주),36630.0,2011/12,5.0,UQ,0,신주인수권증권 상장폐지(신주인수권 행사기간 만료),코스닥시장상장규정 제44조의2,2012-05-22 16:46,1.0
시큐리티코리아(주),66330.0,2007/12,4.0,DS,0,상장폐지,2연속 자본잠식률 50%이상 및 자기자본 10억원 미만,2008-04-01 13:30,0.0
신세계건설(주),34300.0,2001/12,4.0,UQ,0,상장폐지,증권거래소 상장,2002-06-14 17:08,1.0
신화인터텍(주),56700.0,2014/12,5.0,UQ,0,신주인수권증권 상장폐지(신주인수권 행사기간 만료),코스닥시장상장규정 제44조의2,2015-07-06 16:24,1.0
쌍용건설(주),12650.0,2013/12,4.0,DU,0,상장폐지,자본전액잠식 등,2014-03-31 22:38,0.0
쓰리알(주),37730.0,2003/12,4.0,UQ,0,상장폐지,자본전액잠식(취소사유발생일 : 2004년 4월 6일) ,2004-04-07 19:29,1.0
씨앤씨엔터프라이즈(주),38420.0,2006/12,4.0,QU,0,[정정]상장폐지,2회연속 자본잠식률 50% 이상 및 자기자본 10억원 미만,2007-08-21 11:31,1.0
씨앤씨엔터프라이즈(주),38420.0,2006/12,4.0,QU,0,상장폐지,2회연속 자본잠식률 50% 이상 및 자기자본 10억원 미만,2007-08-16 11:12,1.0
씨제이엔터테인먼트(주),49370.0,2005/12,4.0,UQ,0,상장폐지,피흡수합병,2006-04-19 17:43,1.0
아래스(주),50320.0,2018/12,6.0,DU,0,[정정]상장폐지,2019-10-24,2019-10-24 16:56,1.0
아래스(주),50320.0,2018/12,6.0,DU,0,상장폐지,기업의 계속성 및 경영의 투명성 등을 종합적으로 고려하여 상장폐지기준에 해당한다고 결정,2019-05-29 19:39,1.0
아시아나항공(주),20560.0,2007/12,4.0,UQ,0,상장폐지,유가증권시장 상장,2008-03-26 17:53,1.0
아이스테이션(주),56010.0,2011/12,4.0,DU,0,상장폐지,자본전액잠식 등,2012-03-30 22:41,0.0
아이원스(주),114810.0,2017/12,5.0,UQ,0,신주인수권증권 상장폐지(신주인수권 행사기간 만료),코스닥시장상장규정 제44조의2,2018-12-18 16:18,1.0
아이이(주),23430.0,2016/12,4.0,QU,0,상장폐지,기업의 계속성 및 경영의 투명성 등을 종합적으로 고려하여 상장폐지기준에 해당한다고 결정,2017-12-07 18:23,1.0
알루코(주),21570.0,2004/12,4.0,UQ,0,상장폐지,최종부도(상장폐지사유 발생일 : 2005년 09월 27일),2005-09-29 09:29,1.0
알티전자(주),32290.0,2010/03,4.0,UQ,회생절차개시신청,상장폐지,사업보고서 법정제출기한 익일부터 10일 이내 미제출,2011-04-12 09:14,0.0
어울림엘시스(주),33280.0,2011/12,4.0,UQ,0,[정정]상장폐지,2012-08-24,2012-08-29 19:24,1.0
어울림엘시스(주),33280.0,2011/12,4.0,UQ,0,상장폐지,2반기 연속 자본잠식률 50%이상,2012-08-24 20:17,1.0
어울림정보기술(주),38320.0,2011/12,4.0,UQ,0,[정정]상장폐지,2012-08-24,2012-08-28 18:29,1.0
어울림정보기술(주),38320.0,2011/12,4.0,UQ,0,상장폐지,2반기 연속 자본잠식률 50%이상,2012-08-24 20:17,1.0
에버테크노(주),70480.0,2013/12,4.0,DU,내부결산시점 관리종목 지정 또는 상장폐지 사유 발생,상장폐지,감사의견 거절(감사범위 제한 및 계속기업 존속능력에 대한 불확실성,2014-07-04 18:04,0.0
에스에스씨피(주),71660.0,2011/12,4.0,UQ,회생절차개시신청,상장폐지,최종부도 발생,2012-09-18 19:13,0.0
에스에스씨피(주),71660.0,2011/12,4.0,UQ,부도발생,상장폐지,최종부도 발생,2012-09-18 19:13,0.0
에스케이브로드밴드(주),33630.0,2014/12,4.0,UQ,0,상장폐지,상장폐지신청('15.,2015-06-26 15:18,1.0
에이스하이텍(주),71930.0,2014/12,4.0,DS,파산신청,상장폐지,감사의견거절(감사범위 제한),2015-06-29 17:49,0.0
에이치엘비(주),28300.0,2012/12,5.0,UQ,회사정리절차종결신청,상장폐지(에이치엘비(주) 1우선주),종류주식 시가총액 미달,2013-12-20 18:45,1.0
엔빅스(주),54170.0,2010/12,4.0,DS,0,상장폐지,감사의견거절(감사범위 제한),2011-04-18 18:30,0.0
엔써커뮤니티(주),37750.0,2003/12,4.0,DU,0,상장폐지,감사의견거절(취소사유발생일 : '04.3.29),2004-03-30 19:30,0.0
엔에이치엔(주),35420.0,2007/12,4.0,UQ,0,상장폐지,유가증권시장 상장,2008-11-27 10:40,1.0
엔토리노(주),32590.0,2007/12,4.0,QU,0,상장폐지,자본전액잠식,2008-04-01 12:43,1.0
엘지마이크론(주),16990.0,2008/12,4.0,UQ,0,상장폐지(피흡수합병),피흡수합병,2009-07-13 17:52,1.0
엠넷미디어(주),56200.0,2010/12,4.0,UQ,0,상장폐지,씨제이이앤엠(주)에 피흡수합병,2011-03-21 17:40,1.0
엠바이엔(주),31970.0,2003/12,4.0,DU,0,상장폐지,감사의견거절(취소사유발생일:2004년 3월 22일),2004-03-23 19:07,0.0
엠씨티티코어(주),52210.0,2009/12,4.0,UQ,0,[정정]상장폐지,2010-10-19,2010-11-23 18:29,1.0
엠씨티티코어(주),52210.0,2009/12,4.0,UQ,0,[정정]상장폐지,2010-10-19,2010-10-20 18:33,1.0
엠씨티티코어(주),52210.0,2009/12,4.0,UQ,0,상장폐지,"기업의 계속성, 경영의 투명성 또는 기타 코스닥시장의 건전성 등을 종합적으로 고려하여 상장폐지 기준에 해당한다고 결정",2010-10-19 18:07,1.0
엠텍반도체(주),54440.0,2006/12,4.0,AG,0,상장폐지,자본전액잠식,2007-04-02 09:30,0.0
엠텍비젼(주),74000.0,2012/12,4.0,UQ,회생계획 인가,신주인수권증권 상장폐지(기초주권의 관리종목지정),코스닥시장 상장규정 제44조의2 및 제47조,2013-01-30 18:49,0.0
엠텍비젼(주),74000.0,2012/12,4.0,UQ,내부결산시점 관리종목 지정 또는 상장폐지 사유 발생,신주인수권증권 상장폐지(기초주권의 관리종목지정),코스닥시장 상장규정 제44조의2 및 제47조,2013-01-30 18:49,0.0
엠텍비젼(주),74000.0,2012/12,4.0,UQ,회생절차개시결정,신주인수권증권 상장폐지(기초주권의 관리종목지정),코스닥시장 상장규정 제44조의2 및 제47조,2013-01-30 18:49,0.0
엠텍비젼(주),74000.0,2012/12,4.0,UQ,회생절차개시신청,신주인수권증권 상장폐지(기초주권의 관리종목지정),코스닥시장 상장규정 제44조의2 및 제47조,2013-01-30 18:49,0.0
엠텍비젼(주),74000.0,2013/12,4.0,UQ,[정정]내부결산시점 관리종목 지정 또는 상장폐지 사유 발생,[정정]상장폐지,최근 5사업연도 연속 영업손실 발생 등,2014-03-17 09:56,0.0
엠텍비젼(주),74000.0,2013/12,4.0,UQ,[정정]내부결산시점 관리종목 지정 또는 상장폐지 사유 발생,상장폐지,최근 5사업연도 연속 영업손실 발생 등,2014-03-13 20:47,0.0
엠텍비젼(주),74000.0,2013/12,4.0,UQ,내부결산시점 관리종목 지정 또는 상장폐지 사유 발생[정],[정정]상장폐지,최근 5사업연도 연속 영업손실 발생 등,2014-03-17 09:56,0.0
엠텍비젼(주),74000.0,2013/12,4.0,UQ,내부결산시점 관리종목 지정 또는 상장폐지 사유 발생[정],상장폐지,최근 5사업연도 연속 영업손실 발생 등,2014-03-13 20:47,0.0
오성첨단소재(주),52420.0,2011/12,5.0,UQ,[정정]내부결산시점 관리종목 지정 또는 상장폐지 사유 발생,신주인수권증권 상장폐지,코스닥시장상장규정 제44조의2,2012-12-10 17:27,1.0
오성첨단소재(주),52420.0,2013/12,5.0,UQ,[정정]내부결산시점 관리종목 지정 또는 상장폐지 사유 발생,신주인수권증권 상장폐지(기초주권의 관리종목지정),코스닥시장 상장규정 제44조의2 및 제47조,2014-03-21 21:15,1.0
오성첨단소재(주),52420.0,2013/12,5.0,UQ,내부결산시점 관리종목 지정 또는 상장폐지 사유 발생[정],신주인수권증권 상장폐지(기초주권의 관리종목지정),코스닥시장 상장규정 제44조의2 및 제47조,2014-03-21 21:15,1.0
오페스(주),53470.0,2009/12,4.0,DS,0,상장폐지,감사범위제한으로 인한 감사의견 거절,2010-04-26 19:16,0.0
우경(주),25920.0,2012/12,4.0,DS,내부결산시점 관리종목 지정 또는 상장폐지 사유 발생,상장폐지,감사의견거절(감사범위 제한),2013-06-27 19:02,0.0
우수씨엔에스(주),60550.0,2008/12,4.0,DU,0,상장폐지,자본전액잠식,2009-04-01 11:41,0.0
울트라건설(주),4320.0,2014/12,4.0,DU,0,상장폐지,자본전액잠식,2015-03-31 21:44,0.0
웅진코웨이(주),21240.0,2000/12,4.0,UQ,0,상장폐지,증권거래소 상장,2001-08-02 19:05,1.0
유니슨(주),18000.0,2011/12,5.0,UQ,내부결산시점 관리종목 지정 또는 상장폐지 사유 발생,신주인수권증권 상장폐지(신주인수권 행사기간 만료),코스닥시장상장규정 제44조의2,2012-12-24 16:29,1.0
유씨아이콜스(주),65810.0,2007/12,4.0,DU,0,상장폐지,"자본전액잠식, 2회연속 자본잠식률 50%이상, 2회연속 자기자본 10억원 미만",2008-04-01 11:35,0.0
유진기업(주),23410.0,2011/12,5.0,UQ,0,신주인수권증권 상장폐지(신주인수권 행사기간 만료),코스닥시장상장규정 제44조의2,2012-10-29 16:24,1.0
유진종합개발(주),23420.0,2004/12,4.0,UQ,0,상장폐지,피흡수합병,2005-12-30 17:01,1.0
이디디컴퍼니(주),52650.0,2012/12,4.0,QU,내부결산시점 관리종목 지정 또는 상장폐지 사유 발생,상장폐지,반기 재무제표에 대한 검토의견거절로 관리종목 지정후 자본잠식률 50% 이상,2013-04-01 22:53,0.0
이레전자산업(주),45310.0,2006/12,4.0,UQ,0,상장폐지,자본전액잠식,2007-04-02 09:07,1.0
이수세라믹(주),32180.0,2004/12,4.0,UQ,0,상장폐지,상장폐지신청(2005.04.28),2005-05-13 16:08,1.0
이엘케이(주),94190.0,2019/12,4.0,DU,내부결산시점 관리종목 지정 또는 상장폐지 사유 발생,상장폐지,감사의견 거절(감사범위 제한 및 계속기업 존속능력에 대한 불확실성),2020-05-11 19:15,0.0
잘만테크(주),90120.0,2014/12,4.0,DU,회생절차개시신청,상장폐지,감사의견 거절(계속기업 존속능력에 대한 불확실성 및 감사범위 제한),2015-04-28 18:31,0.0
제넥셀세인(주),34660.0,2009/12,4.0,DU,0,상장폐지,감사범위제한으로 인한 감사의견 거절,2010-04-02 19:37,0.0
제이앤유글로벌,86200.0,2015/12,4.0,DS,0,[정정]상장폐지,2016-04-22,2016-04-29 15:35,0.0
제이앤유글로벌,86200.0,2015/12,4.0,DS,0,상장폐지,감사의견거절(감사범위 제한),2016-04-22 18:18,0.0
제이에스(주),37110.0,2009/12,4.0,DS,0,[정정]상장폐지,감사의견거절(감사범위제한),2010-04-27 17:16,0.0
제이에스(주),37110.0,2009/12,4.0,DS,0,상장폐지,감사의견거절(감사범위제한),2010-04-20 17:59,0.0
케이엔에스홀딩스(주),36760.0,2008/12,4.0,DS,0,상장폐지(감사의견거절 등),"감사의견거절(감사범위제한), 법정제출기한까지 사업보고서를 제출하지 아니한 후 법정제출기한의 다음날부터 10일 이내에 사업보고서 미제출  ",2009-04-13 11:45,0.0
케이엠에스(주),38830.0,2008/12,4.0,UQ,0,[정정]상장폐지(상장폐지 결정등 효력정지 가처분신청에 대한 기각 결정),-,2009-07-28 18:54,1.0
케이엠에스(주),38830.0,2008/12,4.0,UQ,0,[정정]상장폐지,2009-07-10,2009-07-13 18:46,1.0
케이엠에스(주),38830.0,2008/12,4.0,UQ,0,상장폐지,"기업의 계속성, 경영의 투명성 또는 기타 코스닥시장의 건전성 등을 종합적으로 고려하여 상장폐지가 필요하다고 인정",2009-07-09 16:34,1.0
케이이엔지(주),77960.0,2008/12,4.0,DU,0,상장폐지,감사의견거절(감사범위제한),2009-04-16 18:04,0.0
코리아이앤디(주),27440.0,2003/12,4.0,DS,0,상장폐지,감사의견거절(취소사유발생일 : 2004년 3월 29일) ,2004-03-30 19:25,0.0
코리언일랙트로닉스파워소스(주),46810.0,2004/12,4.0,UQ,0,상장폐지,경상손실 및 시가총액 50억원 미달 2회 연속(상장폐지사유 발생일 : 2005년 4월 15일),2005-04-18 16:40,1.0
코스맥스(주),44820.0,2005/12,4.0,UQ,0,상장폐지,유가증권시장 상장,2006-11-08 16:09,1.0
코오롱생명과학(주),102940.0,2013/12,6.0,UQ,0,신주인수권증권 상장폐지(신주인수권 행사기간 만료),코스닥시장상장규정 제44조의2,2014-07-18 17:57,1.0
코오롱아이넷(주),22520.0,2010/12,4.0,UQ,0,상장폐지(유가증권시장 상장),유가증권시장 상장,2011-07-15 18:15,1.0
태산엘시디(주),36210.0,2013/12,4.0,DU,내부결산시점 관리종목 지정 또는 상장폐지 사유 발생,상장폐지,자본전액잠식등,2014-03-31 22:18,0.0
태산엘시디(주),36210.0,2013/12,4.0,DU,회생절차개시결정,상장폐지,자본전액잠식등,2014-03-31 22:18,0.0
테스텍(주),48510.0,2009/12,4.0,UQ,0,상장폐지,최근 사업연도말 기준으로 자본잠식률 100분의 50 이상 및 자기자본 10억원 미만의 사유로 관리종목으로 지정된 후 최근 반기말 외부감사인의 감사보고서상 계속기업 존속능력에 대한 불확실성으로 인한 의견거절 발생,2010-10-28 18:23,1.0
텔슨전자(주),27350.0,2003/12,4.0,UQ,0,상장폐지,최종부도(취소사유발생일: 2004년 7월 26일),2004-07-27 18:40,1.0
텔슨정보통신(주),18180.0,2003/12,4.0,UQ,0,상장폐지,화의절차 개시신청,2004-09-09 10:46,1.0
텔슨정보통신(주),18180.0,2004/12,4.0,DU,0,상장폐지,감사의견거절(상장폐지사유 발생일 : 2005년 03월 22일),2005-03-23 18:04,0.0
토자이홀딩스(주),37700.0,2010/12,4.0,QU,0,상장폐지,기업의 계속성 및 경영의 투명성 등을 종합적으로 고려하여 상장폐지 기준에 해당한다고 결정,2011-09-28 18:34,1.0
파나케이아(주),58530.0,2012/12,6.0,UQ,0,신주인수권증권 상장폐지(신주인수권 행사기간 만료),코스닥시장상장규정 제44조의2,2013-03-08 15:20,1.0
퓨쳐비젼(주),42570.0,2007/12,4.0,AG,0,상장폐지,자본전액잠식,2008-04-01 11:22,0.0
플래닛팔이(주),57330.0,2007/12,4.0,DU,0,상장폐지,최근 3사업연도 연속 자기자본 대비 50% 초과 법인세,2008-04-11 11:13,0.0
한국유나이티드제약(주),33270.0,2006/03,4.0,UQ,0,상장폐지,유가증권시장 상장,2007-10-19 16:32,1.0
한국콜마(주),24720.0,2001/03,4.0,UQ,0,상장폐지,증권거래소 상장,2002-04-08 20:24,1.0
한국통신데이타(주),45760.0,2007/12,4.0,DS,0,상장폐지,감사의견거절(감사범위제한),2008-06-02 17:45,0.0
한국통신엠닷컴(주),30700.0,2000/06,4.0,UQ,0,상장폐지,피흡수합병,2001-05-17 15:04,1.0
한빛전자통신(주),44570.0,2001/12,4.0,NS,0,상장폐지승인,감사의견거절 및 법정제출기한 익일로부터 30일이내에 사업보고서 미제출,2002-05-03 10:54,1.0
한서제약(주),44070.0,2008/12,4.0,UQ,0,상장폐지(피흡수합병),피흡수합병,2009-08-20 17:31,1.0
한솔신텍(주),99660.0,2017/12,4.0,UQ,0,상장폐지,발행한 어음 또는 수표가 주거래은행에 의하여 최종부도로 결정되거나 거래은행에 의한 거래정지,2018-06-26 18:45,1.0
해원에스티(주),58480.0,2009/12,4.0,DS,0,상장폐지,감사범위제한으로 인한 감사의견거절,2010-04-26 18:59,0.0
현대정보기술(주),26180.0,2018/12,4.0,UQ,0,상장폐지(피흡수합병),피흡수합병,2019-07-12 16:00,1.0
현주컴퓨터(주),38960.0,2004/06,4.0,UQ,0,상장폐지,최종부도(상장폐지사유 발생일 : 2005년 04월 25일),2005-04-26 17:57,1.0
후야인포넷(주),32050.0,2004/12,4.0,UQ,0,상장폐지,자본전액잠식(상장폐지사유 발생일 : 2005년 04월 11일),2005-04-12 16:46,1.0
후야인포넷(주),32050.0,2004/12,4.0,UQ,0,상장폐지,감사의견거절(상장폐지사유 발생일 : 2005년 03월 21일),2005-03-22 09:55,1.0
